"field","driveId","legacy0B","isFolder","url"
"videoUrl","12q9HhmA2-fVV1exlo3_cXYQd5comB-Ri","","","https://drive.google.com/file/d/12q9HhmA2-fVV1exlo3_cXYQd5comB-Ri/view"
"slideUrl","1gI4OmX4qJkz9PzTAC1oZZNWIRM8_Z5qI","","","https://drive.google.com/file/d/1gI4OmX4qJkz9PzTAC1oZZNWIRM8_Z5qI/view"
"videoUrl","1YNukLVwf5ddmmk75LLBW_QdUOTpfhV2o","","","https://drive.google.com/file/d/1YNukLVwf5ddmmk75LLBW_QdUOTpfhV2o/view"
"slideUrl","1xIBUHc41irfSnJ6hWlhcSESsoxxLHQzj","","","https://drive.google.com/file/d/1xIBUHc41irfSnJ6hWlhcSESsoxxLHQzj/view"
"videoUrl","11eFRpzAPYvtwTQ9-Vy6_eDvJn7unupDy","","","https://drive.google.com/file/d/11eFRpzAPYvtwTQ9-Vy6_eDvJn7unupDy/view"
"slideUrl","19lUzg9iGK56vvW_1MFvyqW3o3BBDsXwo","","","https://drive.google.com/file/d/19lUzg9iGK56vvW_1MFvyqW3o3BBDsXwo/view"
"videoUrl","1nVWuHTJYR2ZddpqWqoRMG2NS3sQ0VbZA","","","https://drive.google.com/file/d/1nVWuHTJYR2ZddpqWqoRMG2NS3sQ0VbZA/view"
"slideUrl","1CPjLsXnvjKYQiCeiWXUlDBCXmlHHgujh","","","https://drive.google.com/file/d/1CPjLsXnvjKYQiCeiWXUlDBCXmlHHgujh/view"
"videoUrl","1feiYkMsRxHwQqOP2As8Hn6K0x75fFraq","","","https://drive.google.com/file/d/1feiYkMsRxHwQqOP2As8Hn6K0x75fFraq/view"
"slideUrl","1pgp6HK5jnIdpEN6A47Eu8yiLxQ5LtC_J","","","https://drive.google.com/file/d/1pgp6HK5jnIdpEN6A47Eu8yiLxQ5LtC_J/view"
"videoUrl","1QsSoK-jWmnDRG4SyMjxW05vIQcUTRbT_","","","https://drive.google.com/file/d/1QsSoK-jWmnDRG4SyMjxW05vIQcUTRbT_/view"
"slideUrl","11CC9DdFmrBrLza1v-pinvg_5CsE_6QO0","","","https://drive.google.com/file/d/11CC9DdFmrBrLza1v-pinvg_5CsE_6QO0/view"
"videoUrl","1BEKEynVNoMdhzwVRA-WQT7Liz-TjzfaG","","","https://drive.google.com/file/d/1BEKEynVNoMdhzwVRA-WQT7Liz-TjzfaG/view"
"slideUrl","11KFNa0tqQ_TGrZGgd3gT8fnlhgfj--gy","","","https://drive.google.com/file/d/11KFNa0tqQ_TGrZGgd3gT8fnlhgfj--gy/view"
"videoUrl","1BLzrT1VnvawE-MowkVEuzZTxO9pXCURx","","","https://drive.google.com/file/d/1BLzrT1VnvawE-MowkVEuzZTxO9pXCURx/view"
"slideUrl","1EnCQSsiq6LEsYR4SbC5LzZKXCXL6P2rD","","","https://drive.google.com/file/d/1EnCQSsiq6LEsYR4SbC5LzZKXCXL6P2rD/view"
"videoUrl","1duXx2dyOSRc-mhmI5BlTqZwvXnFTDGUi","","","https://drive.google.com/file/d/1duXx2dyOSRc-mhmI5BlTqZwvXnFTDGUi/view"
"slideUrl","1f9L6r_2c0S6denOOSAdQTOnQDss8s6_8","","","https://drive.google.com/file/d/1f9L6r_2c0S6denOOSAdQTOnQDss8s6_8/view"
"videoUrl","1Crt7YhoZZd6LG6GFHnSsX1EMX5E3Xwl_","","","https://drive.google.com/file/d/1Crt7YhoZZd6LG6GFHnSsX1EMX5E3Xwl_/view"
"slideUrl","1K1VNjmwb4UOa1umhlaMafuBOeHCQWtnZ","","","https://drive.google.com/file/d/1K1VNjmwb4UOa1umhlaMafuBOeHCQWtnZ/view"
"videoUrl","1KBliyrpOoQAJM6MGx5-Gd8WnpsOVVRdA","","","https://drive.google.com/file/d/1KBliyrpOoQAJM6MGx5-Gd8WnpsOVVRdA/view"
"slideUrl","1YH4EgOzhydM2Zdm7P0t5LsAyfFOBUuhB","","","https://drive.google.com/file/d/1YH4EgOzhydM2Zdm7P0t5LsAyfFOBUuhB/view"
"videoUrl","1YdnGX_0aPQKq6aZYDv_jDtju7qm6L9ig","","","https://drive.google.com/file/d/1YdnGX_0aPQKq6aZYDv_jDtju7qm6L9ig/view"
"slideUrl","1RvJUbWlDHuz2SBUJKZunXtrdvACFsp-Y","","","https://drive.google.com/file/d/1RvJUbWlDHuz2SBUJKZunXtrdvACFsp-Y/view"
"videoUrl","1u1B9FHpfdFDZ6BCVPZtgJc8WsG1bhvfU","","","https://drive.google.com/file/d/1u1B9FHpfdFDZ6BCVPZtgJc8WsG1bhvfU/view"
"slideUrl","1NgthNl5RPKaa5M2nanpsE8fshePHaFYE","","","https://drive.google.com/file/d/1NgthNl5RPKaa5M2nanpsE8fshePHaFYE/view"
"videoUrl","1_QI141tBedTQq-Pl_tcBkHVKb5NQFSsK","","","https://drive.google.com/file/d/1_QI141tBedTQq-Pl_tcBkHVKb5NQFSsK/view"
"slideUrl","1c8pc3nKXTUkVQVcJGyIjCa8mpABtxHH2","","","https://drive.google.com/file/d/1c8pc3nKXTUkVQVcJGyIjCa8mpABtxHH2/view"
"videoUrl","1eKAMrjWaR6J7rvgFrGbYCDS4boGWDjp3","","","https://drive.google.com/file/d/1eKAMrjWaR6J7rvgFrGbYCDS4boGWDjp3/view"
"slideUrl","1YBG7q5Dlr3LwskMgztSxw8SoAsix1S0k","","","https://drive.google.com/file/d/1YBG7q5Dlr3LwskMgztSxw8SoAsix1S0k/view"
"videoUrl","17b5ocIAkM4Xz6yaAC2tJRl68Rs-JXJls","","","https://drive.google.com/file/d/17b5ocIAkM4Xz6yaAC2tJRl68Rs-JXJls/view"
"slideUrl","1QilmRmjhEG9WaBL1c8H7bfmTV5W9Pqwx","","","https://drive.google.com/file/d/1QilmRmjhEG9WaBL1c8H7bfmTV5W9Pqwx/view"
"videoUrl","1iQu4_Vowe1iHNzQh_4-r_mI5dy11BhSx","","","https://drive.google.com/file/d/1iQu4_Vowe1iHNzQh_4-r_mI5dy11BhSx/view"
"slideUrl","196nHq4uXzGiXUxk0P953Tvb1QBBBkrG7","","","https://drive.google.com/file/d/196nHq4uXzGiXUxk0P953Tvb1QBBBkrG7/view"
"videoUrl","1V8o1K00a8323Li-UgMTkGleRuFkzYuf2","","","https://drive.google.com/file/d/1V8o1K00a8323Li-UgMTkGleRuFkzYuf2/view"
"slideUrl","1IZ_B3m5DDvU_e26mxkTa8OakMPmc93VQ","","","https://drive.google.com/file/d/1IZ_B3m5DDvU_e26mxkTa8OakMPmc93VQ/view"
"videoUrl","1knec8CvYIECoOrk4nm0uCz0S9NHFpma6","","","https://drive.google.com/file/d/1knec8CvYIECoOrk4nm0uCz0S9NHFpma6/view"
"slideUrl","1PyMKQphQy_Mk0ZJ951bc3nrj2NmDj-XQ","","","https://drive.google.com/file/d/1PyMKQphQy_Mk0ZJ951bc3nrj2NmDj-XQ/view"
"videoUrl","13Ta_t75A-NTtCdHsl0qOc-4c1Rb_piba","","","https://drive.google.com/file/d/13Ta_t75A-NTtCdHsl0qOc-4c1Rb_piba/view"
"slideUrl","1jFAXEoesl99KQgIjQNPRNlGjqS6A9Qqj","","","https://drive.google.com/file/d/1jFAXEoesl99KQgIjQNPRNlGjqS6A9Qqj/view"
"videoUrl","1m-G3lQZ2mO9AFg2jz-NhOat6YozNsEKE","","","https://drive.google.com/file/d/1m-G3lQZ2mO9AFg2jz-NhOat6YozNsEKE/view"
"slideUrl","1L71kSrZp-GQhbQ6rK5MhCdyitEJ2hfh7","","","https://drive.google.com/file/d/1L71kSrZp-GQhbQ6rK5MhCdyitEJ2hfh7/view"
"videoUrl","1ow3bcwyiceCQUXDwnuRwpXQJyPH4WJ0L","","","https://drive.google.com/file/d/1ow3bcwyiceCQUXDwnuRwpXQJyPH4WJ0L/view"
"slideUrl","1iZ_vmVX55SsDeKrNqmw24TKIbnIwENKF","","","https://drive.google.com/file/d/1iZ_vmVX55SsDeKrNqmw24TKIbnIwENKF/view"
"videoUrl","1CW7ATc3EpD7bn76n-ywobEDewn6_5EjX","","","https://drive.google.com/file/d/1CW7ATc3EpD7bn76n-ywobEDewn6_5EjX/view"
"slideUrl","1_b4o4Hvbi1dhfki3cWOcsHAQ-1O2U0Na","","","https://drive.google.com/file/d/1_b4o4Hvbi1dhfki3cWOcsHAQ-1O2U0Na/view"
"videoUrl","12n0k16ATLUyjqnJAD93cSCk9PMApheV-","","","https://drive.google.com/file/d/12n0k16ATLUyjqnJAD93cSCk9PMApheV-/view"
"slideUrl","1KZEKo7J63vuFXPFGlp3xMXg8Dp94f7Jb","","","https://drive.google.com/file/d/1KZEKo7J63vuFXPFGlp3xMXg8Dp94f7Jb/view"
"videoUrl","1oAE9TgacAPmVe7dnEb7FGApdyioEqZdF","","","https://drive.google.com/file/d/1oAE9TgacAPmVe7dnEb7FGApdyioEqZdF/view"
"slideUrl","1L8B_ISQuQpqlPq3S4xBvO2e4PjzlWlEw","","","https://drive.google.com/file/d/1L8B_ISQuQpqlPq3S4xBvO2e4PjzlWlEw/view"
"videoUrl","1VCGygN3C_rKeewymAZ8Rli8AzQh6oh0Q","","","https://drive.google.com/file/d/1VCGygN3C_rKeewymAZ8Rli8AzQh6oh0Q/view"
"slideUrl","1YsFxPCHUDAz754kTmo5u8oQbci8Vmlni","","","https://drive.google.com/file/d/1YsFxPCHUDAz754kTmo5u8oQbci8Vmlni/view"
"videoUrl","1r6xMdE2Lt2QfV4Os305uihajsPUjSZiX","","","https://drive.google.com/file/d/1r6xMdE2Lt2QfV4Os305uihajsPUjSZiX/view"
"slideUrl","1mue54PAGhqmrpg-dNFvAsdrLwwJmm8vY","","","https://drive.google.com/file/d/1mue54PAGhqmrpg-dNFvAsdrLwwJmm8vY/view"
"videoUrl","17Ko0sNjlISuodCbaQI_US77ju2Q77T5u","","","https://drive.google.com/file/d/17Ko0sNjlISuodCbaQI_US77ju2Q77T5u/view"
"slideUrl","1d02o6rY3qqPttwZQzYcRpN0G1_vCrFM7","","","https://drive.google.com/file/d/1d02o6rY3qqPttwZQzYcRpN0G1_vCrFM7/view"
"videoUrl","1tJi1Z7yVB9mS1PGn_ukhAA0GMWS3EEre","","","https://drive.google.com/file/d/1tJi1Z7yVB9mS1PGn_ukhAA0GMWS3EEre/view"
"slideUrl","18TDAiPimv5ZrKENP_2M--ayMIERAOOJC","","","https://drive.google.com/file/d/18TDAiPimv5ZrKENP_2M--ayMIERAOOJC/view"
"videoUrl","10mON3P18Hiir9KJQzVmw3kD5V7vGBNko","","","https://drive.google.com/file/d/10mON3P18Hiir9KJQzVmw3kD5V7vGBNko/view"
"slideUrl","1aE3aA6SoHEjyr8ZHEdR1-PrjKVwTngxI","","","https://drive.google.com/file/d/1aE3aA6SoHEjyr8ZHEdR1-PrjKVwTngxI/view"
"videoUrl","1uI9Mz667lW8S0zBONp65x_11FGDFSV-O","","","https://drive.google.com/file/d/1uI9Mz667lW8S0zBONp65x_11FGDFSV-O/view"
"slideUrl","1PQqWTW6BdOJ31wjCR3hKXpabNFDTlX-J","","","https://drive.google.com/file/d/1PQqWTW6BdOJ31wjCR3hKXpabNFDTlX-J/view"
"videoUrl","1tKnOGnn0VMKp1Vp_SjVrevFlxldeOPnQ","","","https://drive.google.com/file/d/1tKnOGnn0VMKp1Vp_SjVrevFlxldeOPnQ/view"
"slideUrl","11vi7vWWhVacQ1uWPtS_2GxMFSHAXq-W4","","","https://drive.google.com/file/d/11vi7vWWhVacQ1uWPtS_2GxMFSHAXq-W4/view"
"videoUrl","1VCeG2T4w0BleoykZM0lA5cpfwvSp7Y20","","","https://drive.google.com/file/d/1VCeG2T4w0BleoykZM0lA5cpfwvSp7Y20/view"
"slideUrl","1cLxIRoRcLtsimFNOtR9UiInhNMRAc0EL","","","https://drive.google.com/file/d/1cLxIRoRcLtsimFNOtR9UiInhNMRAc0EL/view"
"videoUrl","1z3g9PC2TWM-eYu63P3KbmEsA0nqnWfOx","","","https://drive.google.com/file/d/1z3g9PC2TWM-eYu63P3KbmEsA0nqnWfOx/view"
"slideUrl","1WbcAuwPFAHSo0NJREnMVPgQri12iURym","","","https://drive.google.com/file/d/1WbcAuwPFAHSo0NJREnMVPgQri12iURym/view"
"videoUrl","1sKJ0aKOz7XFGKaPP6sR-N1BHmdB7XNDk","","","https://drive.google.com/file/d/1sKJ0aKOz7XFGKaPP6sR-N1BHmdB7XNDk/view"
"slideUrl","1FMNOJ7SwttKiyZPitrYUobaqHyhk13Zm","","","https://drive.google.com/file/d/1FMNOJ7SwttKiyZPitrYUobaqHyhk13Zm/view"
"videoUrl","1NgxjnzwkcQjmxKDQ_2FT4TZyeAnY5RVs","","","https://drive.google.com/file/d/1NgxjnzwkcQjmxKDQ_2FT4TZyeAnY5RVs/view"
"slideUrl","1Y5pH93mg63mQF7PIQLlu3yKu1LSVogDz","","","https://drive.google.com/file/d/1Y5pH93mg63mQF7PIQLlu3yKu1LSVogDz/view"
"videoUrl","1Y4GSJRe9vGA1XcS28F0wGytN_sLmNJdI","","","https://drive.google.com/file/d/1Y4GSJRe9vGA1XcS28F0wGytN_sLmNJdI/view"
"slideUrl","1mClc-qRQXBlbs-1_da8q-wyYDbSdDRZ2","","","https://drive.google.com/file/d/1mClc-qRQXBlbs-1_da8q-wyYDbSdDRZ2/view"
"videoUrl","1Rhum-Q74LgSdvM4Lw1WdMC3C-rYVFgNv","","","https://drive.google.com/file/d/1Rhum-Q74LgSdvM4Lw1WdMC3C-rYVFgNv/view"
"slideUrl","1E79pduR2z2hQEIVpPr4HOsldNX4R_WMJ","","","https://drive.google.com/file/d/1E79pduR2z2hQEIVpPr4HOsldNX4R_WMJ/view"
"videoUrl","1_boL97sVR_L7dq2pbuyVhwpWTac4a41_","","","https://drive.google.com/file/d/1_boL97sVR_L7dq2pbuyVhwpWTac4a41_/view"
"slideUrl","1imvNgYnr-A2HtNT7XB8GUSWDo2_uEKXi","","","https://drive.google.com/file/d/1imvNgYnr-A2HtNT7XB8GUSWDo2_uEKXi/view"
"videoUrl","1YMnrqBUMFNIcL9Lg2ubTuCjN1gMFAh5u","","","https://drive.google.com/file/d/1YMnrqBUMFNIcL9Lg2ubTuCjN1gMFAh5u/view"
"slideUrl","1SfPME08GnahKktH61NAEgTsCeR0PbfKj","","","https://drive.google.com/file/d/1SfPME08GnahKktH61NAEgTsCeR0PbfKj/view"
"videoUrl","1VDSdATGMMOvYB_Y2g9KTtEFKCFIfCZVm","","","https://drive.google.com/file/d/1VDSdATGMMOvYB_Y2g9KTtEFKCFIfCZVm/view"
"slideUrl","1sJZP9Mv4326CWWm811ngLiAcPe-ogmHT","","","https://drive.google.com/file/d/1sJZP9Mv4326CWWm811ngLiAcPe-ogmHT/view"
"videoUrl","10QeNLgKEpZNfaOOfRXeQWETfdAi4q1Na","","","https://drive.google.com/file/d/10QeNLgKEpZNfaOOfRXeQWETfdAi4q1Na/view"
"slideUrl","18lOfomSAUYlI4BR3vEHF1qowLlCRHTR3","","","https://drive.google.com/file/d/18lOfomSAUYlI4BR3vEHF1qowLlCRHTR3/view"
"videoUrl","1TYpucPM0Pe2DAYvqbFhncNf0e6NrjX-G","","","https://drive.google.com/file/d/1TYpucPM0Pe2DAYvqbFhncNf0e6NrjX-G/view"
"slideUrl","1ttjs7yq0Ul-VYfoBpsopY9Kvg-ZNRi-K","","","https://drive.google.com/file/d/1ttjs7yq0Ul-VYfoBpsopY9Kvg-ZNRi-K/view"
"videoUrl","1D6YFNI4zPUT2EuiU0bkoG7HEY5pIqzvI","","","https://drive.google.com/file/d/1D6YFNI4zPUT2EuiU0bkoG7HEY5pIqzvI/view"
"slideUrl","1XbEgpNXhTBIex63xSB6_BKfrRyobqMuh","","","https://drive.google.com/file/d/1XbEgpNXhTBIex63xSB6_BKfrRyobqMuh/view"
"videoUrl","1KSYrArm04bgsMlHtFopngJBOOUhzt5V-","","","https://drive.google.com/file/d/1KSYrArm04bgsMlHtFopngJBOOUhzt5V-/view"
"slideUrl","1dpH_u8ISmCpiKIgxpRFlWKLHn_cNqVmd","","","https://drive.google.com/file/d/1dpH_u8ISmCpiKIgxpRFlWKLHn_cNqVmd/view"
"videoUrl","19t7FHSinspgHPGiWGVVT5n5lURCRZT-0","","","https://drive.google.com/file/d/19t7FHSinspgHPGiWGVVT5n5lURCRZT-0/view"
"slideUrl","1c8yGu2RxJhHYtRzDiLwZ-RhBJw8Amcyj","","","https://drive.google.com/file/d/1c8yGu2RxJhHYtRzDiLwZ-RhBJw8Amcyj/view"
"videoUrl","1sKlxp2zcyUm_NL8oUEccI2ixXlEw1t6d","","","https://drive.google.com/file/d/1sKlxp2zcyUm_NL8oUEccI2ixXlEw1t6d/view"
"slideUrl","1bzD7gJRBrEngmNq0KVOFaMEEEnLN5EZZ","","","https://drive.google.com/file/d/1bzD7gJRBrEngmNq0KVOFaMEEEnLN5EZZ/view"
"videoUrl","1gLEHgbLMQNLGGplCw45qPyq2DKi8ZiZj","","","https://drive.google.com/file/d/1gLEHgbLMQNLGGplCw45qPyq2DKi8ZiZj/view"
"slideUrl","13X3RRNXFqOMovwSKqW83sNsrTvjjtoFa","","","https://drive.google.com/file/d/13X3RRNXFqOMovwSKqW83sNsrTvjjtoFa/view"
"videoUrl","1hFFqPD1muH-jp2_JL1tnQvBy6H1mN1j_","","","https://drive.google.com/file/d/1hFFqPD1muH-jp2_JL1tnQvBy6H1mN1j_/view"
"slideUrl","129jt7GDknfkshRg2ac1wPgnWruEQ_mJE","","","https://drive.google.com/file/d/129jt7GDknfkshRg2ac1wPgnWruEQ_mJE/view"
"videoUrl","1u6g0m5spLq2wfnWy1E5bXqplf2vxy9Kl","","","https://drive.google.com/file/d/1u6g0m5spLq2wfnWy1E5bXqplf2vxy9Kl/view"
"slideUrl","1vCgBioHPmuqN5afkjpSSMEy1rDt2vxHQ","","","https://drive.google.com/file/d/1vCgBioHPmuqN5afkjpSSMEy1rDt2vxHQ/view"
"videoUrl","1uvfySqnFSTLCu0Ql6b_K3UUJDpRXu6qr","","","https://drive.google.com/file/d/1uvfySqnFSTLCu0Ql6b_K3UUJDpRXu6qr/view"
"slideUrl","1NZtkGsHEe8zxS0RGTjBHEGsTRSDsm7Vp","","","https://drive.google.com/file/d/1NZtkGsHEe8zxS0RGTjBHEGsTRSDsm7Vp/view"
"videoUrl","13wtZTj0vYbuSiqrHLS4p-mwhlbXmlVUY","","","https://drive.google.com/file/d/13wtZTj0vYbuSiqrHLS4p-mwhlbXmlVUY/view"
"slideUrl","1klpSph7ji1F6wOIMKukrCoafDorJ2KHI","","","https://drive.google.com/file/d/1klpSph7ji1F6wOIMKukrCoafDorJ2KHI/view"
"videoUrl","1Q-YDHe9uvPtaivD2PQtPU7G9MRznR-Dp","","","https://drive.google.com/file/d/1Q-YDHe9uvPtaivD2PQtPU7G9MRznR-Dp/view"
"slideUrl","1jdm_-wuQ6-y8d-k2RgjAogBgxlCQGmzi","","","https://drive.google.com/file/d/1jdm_-wuQ6-y8d-k2RgjAogBgxlCQGmzi/view"
"videoUrl","1qhpOjRK_OGJnsIHikzIfDTGoOmGbDA7c","","","https://drive.google.com/file/d/1qhpOjRK_OGJnsIHikzIfDTGoOmGbDA7c/view"
"slideUrl","1hYTdaD5qt6nwwPs17XHJWEDFEEkESwb3","","","https://drive.google.com/file/d/1hYTdaD5qt6nwwPs17XHJWEDFEEkESwb3/view"
"videoUrl","1WGb1mCelU9jCDZL7yehNf8BJJcmSeApG","","","https://drive.google.com/file/d/1WGb1mCelU9jCDZL7yehNf8BJJcmSeApG/view"
"slideUrl","1fYNM1Zb0fVrfwlxykjJn2uqDrZfXowOG","","","https://drive.google.com/file/d/1fYNM1Zb0fVrfwlxykjJn2uqDrZfXowOG/view"
"videoUrl","1Ccuj0ojfw6r_CI19f8vGe5lhfsm07AmL","","","https://drive.google.com/file/d/1Ccuj0ojfw6r_CI19f8vGe5lhfsm07AmL/view"
"slideUrl","1CwVTfAKnp80EepigIjfyJ8Bk9D22UryL","","","https://drive.google.com/file/d/1CwVTfAKnp80EepigIjfyJ8Bk9D22UryL/view"
"videoUrl","1R6Vr0KYudQlb4yI4S-RlH3kkoyaJXFxe","","","https://drive.google.com/file/d/1R6Vr0KYudQlb4yI4S-RlH3kkoyaJXFxe/view"
"slideUrl","1pZTMYbfR6uwaedVZOefKeBLX8p0I-vX0","","","https://docs.google.com/presentation/d/1pZTMYbfR6uwaedVZOefKeBLX8p0I-vX0/edit"
"videoUrl","1uE1L8JQ1NjFprS6A1uBRCkEq4LeMCYcj","","","https://drive.google.com/file/d/1uE1L8JQ1NjFprS6A1uBRCkEq4LeMCYcj/view"
"slideUrl","1YbzFlPETLKYQbbt-mtWEU7hQd4JcYLJX","","","https://drive.google.com/file/d/1YbzFlPETLKYQbbt-mtWEU7hQd4JcYLJX/view"
"videoUrl","1J2Ihc0QjaJpOVhv6KdnbYtNghFu9TpSx","","","https://drive.google.com/file/d/1J2Ihc0QjaJpOVhv6KdnbYtNghFu9TpSx/view"
"slideUrl","1WZGre0ZkgfnvVC2yB59fL7YDB4LnIGxy","","","https://drive.google.com/file/d/1WZGre0ZkgfnvVC2yB59fL7YDB4LnIGxy/view"
"videoUrl","1V5cymognhgdSfCAzBQTFDpFRLtcqHx5i","","","https://drive.google.com/file/d/1V5cymognhgdSfCAzBQTFDpFRLtcqHx5i/view"
"slideUrl","1Di_clfvibA6C2093iFlvjSPQg8KN5FSH","","","https://drive.google.com/file/d/1Di_clfvibA6C2093iFlvjSPQg8KN5FSH/view"
"videoUrl","16B3Q2EQOH0Cs2Ik0iDM-74i9NeOKt-RV","","","https://drive.google.com/file/d/16B3Q2EQOH0Cs2Ik0iDM-74i9NeOKt-RV/view"
"slideUrl","1oAge_tLHM04C8_VjFzF-bTrybJ8BdHY9","","","https://drive.google.com/file/d/1oAge_tLHM04C8_VjFzF-bTrybJ8BdHY9/view"
"videoUrl","1Okl_r1FDM5oXxC1zx8YXVUaRuK9rcEV7","","","https://drive.google.com/file/d/1Okl_r1FDM5oXxC1zx8YXVUaRuK9rcEV7/view"
"slideUrl","1TNJC1epx_pjkJs07-fKv9IkeJCR1wRtM","","","https://drive.google.com/file/d/1TNJC1epx_pjkJs07-fKv9IkeJCR1wRtM/view"
"videoUrl","1P7-bTqrChphmSTsfLJNFKQeQW2eu20AS","","","https://drive.google.com/file/d/1P7-bTqrChphmSTsfLJNFKQeQW2eu20AS/view"
"slideUrl","1qMy3MOp_znIUd37HSTFug6bIhy6kzfY9","","","https://drive.google.com/file/d/1qMy3MOp_znIUd37HSTFug6bIhy6kzfY9/view"
"videoUrl","1HzQhj3Sl06vMmkvh6_4BwEvCZUd2FcKF","","","https://drive.google.com/file/d/1HzQhj3Sl06vMmkvh6_4BwEvCZUd2FcKF/view"
"slideUrl","1blTCULTwb5JIhMlxT_-E5c6xqLnHvVwy","","","https://drive.google.com/file/d/1blTCULTwb5JIhMlxT_-E5c6xqLnHvVwy/view"
"videoUrl","1ZFISTrpQhd56xfMOjdsSQY5dc9PI4aPx","","","https://drive.google.com/file/d/1ZFISTrpQhd56xfMOjdsSQY5dc9PI4aPx/view"
"slideUrl","1vtgYJMXZGjV90EEFXdQgMVwbu1gDWNm8","","","https://drive.google.com/file/d/1vtgYJMXZGjV90EEFXdQgMVwbu1gDWNm8/view"
"videoUrl","1KaF22JslLvgcO3GPXenkrpzSAf9Bmj7I","","","https://drive.google.com/file/d/1KaF22JslLvgcO3GPXenkrpzSAf9Bmj7I/view"
"slideUrl","1FHELGhR4uTgRppxPbmGRPiORA1DZbVI7","","","https://drive.google.com/file/d/1FHELGhR4uTgRppxPbmGRPiORA1DZbVI7/view"
"videoUrl","1JAfHeay3we_egEkY6aZCho5xcBuPF9ZJ","","","https://drive.google.com/file/d/1JAfHeay3we_egEkY6aZCho5xcBuPF9ZJ/view"
"slideUrl","1zFBosNguYpvu7R7cSqN3zlwUvWEgKE8A","","","https://drive.google.com/file/d/1zFBosNguYpvu7R7cSqN3zlwUvWEgKE8A/view"
"videoUrl","1ZZYP2MXglEMqvSCzz2qQTbknfuFG9Hgg","","","https://drive.google.com/file/d/1ZZYP2MXglEMqvSCzz2qQTbknfuFG9Hgg/view"
"slideUrl","1GA9mAV5aBgx65Vaj2fbNS_A4TLB2Rq3z","","","https://drive.google.com/file/d/1GA9mAV5aBgx65Vaj2fbNS_A4TLB2Rq3z/view"
"videoUrl","14naY-n8yacQpl2QfgUuxQZbpqBm5kXVw","","","https://drive.google.com/file/d/14naY-n8yacQpl2QfgUuxQZbpqBm5kXVw/view"
"slideUrl","1XFbVfc1LtI9As9TVbuBpPGUyyu518gqT","","","https://drive.google.com/file/d/1XFbVfc1LtI9As9TVbuBpPGUyyu518gqT/view"
"videoUrl","1P7od-xTuZfoalCjznAuM6YykFnj_fujw","","","https://drive.google.com/file/d/1P7od-xTuZfoalCjznAuM6YykFnj_fujw/view"
"slideUrl","1JoHGG3aRYpTPaD7DJLZ6cdXHD3UFqtqe","","","https://drive.google.com/file/d/1JoHGG3aRYpTPaD7DJLZ6cdXHD3UFqtqe/view"
"videoUrl","1PyXkKkx789JR_347hDvoRcEhJbAucKVi","","","https://drive.google.com/file/d/1PyXkKkx789JR_347hDvoRcEhJbAucKVi/view"
"slideUrl","1vXDmd618gHCB8W8rKboEAQW8c-RhxAaM","","","https://drive.google.com/file/d/1vXDmd618gHCB8W8rKboEAQW8c-RhxAaM/view"
"videoUrl","1W_VA_3pLOBzlUZ1x_-BQDohXSmjtHs-K","","","https://drive.google.com/file/d/1W_VA_3pLOBzlUZ1x_-BQDohXSmjtHs-K/view"
"slideUrl","1GlY9122mON0t1hseJlykt13xARtcw_sh","","","https://drive.google.com/file/d/1GlY9122mON0t1hseJlykt13xARtcw_sh/view"
"videoUrl","1HFhCp0A2_ILjGZ8zrYbZcy1xFtgBcvOl","","","https://drive.google.com/file/d/1HFhCp0A2_ILjGZ8zrYbZcy1xFtgBcvOl/view"
"slideUrl","1agi4JQR_0elfzfcbk78gRK3cRk3vS8Ni","","","https://drive.google.com/file/d/1agi4JQR_0elfzfcbk78gRK3cRk3vS8Ni/view"
"videoUrl","1LD26wqw2K6NdpVD8OjdWb7hEn8fEaey0","","","https://drive.google.com/file/d/1LD26wqw2K6NdpVD8OjdWb7hEn8fEaey0/view"
"slideUrl","1P5SJMOl-azXIlAbQaAWlaiVdfy8Tfwv9","","","https://drive.google.com/file/d/1P5SJMOl-azXIlAbQaAWlaiVdfy8Tfwv9/view"
"videoUrl","1lttBx-pJtBwSmZrfuXnkbR7eYHA6RQbv","","","https://drive.google.com/file/d/1lttBx-pJtBwSmZrfuXnkbR7eYHA6RQbv/view"
"slideUrl","1fxLPPlbcthuOhAIBAdS-jBgBNgMTi-MF","","","https://drive.google.com/file/d/1fxLPPlbcthuOhAIBAdS-jBgBNgMTi-MF/view"
"videoUrl","1PVdFb_kdbECyiF7L5mMhHGXz7WgACpNs","","","https://drive.google.com/file/d/1PVdFb_kdbECyiF7L5mMhHGXz7WgACpNs/view"
"slideUrl","1ryDJKT0dYN67Mw54R12Mc-lGDhpWj52n","","","https://docs.google.com/presentation/d/1ryDJKT0dYN67Mw54R12Mc-lGDhpWj52n/edit"
"videoUrl","1sYeDIf8GFNXh2kTv_DfgIsUrLcHplwDR","","","https://drive.google.com/file/d/1sYeDIf8GFNXh2kTv_DfgIsUrLcHplwDR/view"
"slideUrl","1dWpUTUGoh_rSoot_nHcaOrPa7jXda2FT","","","https://drive.google.com/file/d/1dWpUTUGoh_rSoot_nHcaOrPa7jXda2FT/view"
"videoUrl","1Bpap3kLznv_UlBkradBj9D7PS37m9-15","","","https://drive.google.com/file/d/1Bpap3kLznv_UlBkradBj9D7PS37m9-15/view"
"slideUrl","193NLgD6BUeJBj3frvCMYE_o-_7abKZzB","","","https://drive.google.com/file/d/193NLgD6BUeJBj3frvCMYE_o-_7abKZzB/view"
"videoUrl","1VMHl-C__MutHvFkLT3Dx1O8kXi11Grm_","","","https://drive.google.com/file/d/1VMHl-C__MutHvFkLT3Dx1O8kXi11Grm_/view"
"slideUrl","1JRk2KUn4Lu5VA2NlAFW9SM5MfP_2JwA5","","","https://drive.google.com/file/d/1JRk2KUn4Lu5VA2NlAFW9SM5MfP_2JwA5/view"
"videoUrl","1s_6DjS462uBuuUe_sdm8LbyGc6qyKgid","","","https://drive.google.com/file/d/1s_6DjS462uBuuUe_sdm8LbyGc6qyKgid/view"
"slideUrl","1HfLQqV81vfmW_1H4cxo7NkuDcut-G3Ou","","","https://drive.google.com/file/d/1HfLQqV81vfmW_1H4cxo7NkuDcut-G3Ou/view"
"videoUrl","1-5b65kEWVDjGN5LPuofycBEwGpPwqk2b","","","https://drive.google.com/file/d/1-5b65kEWVDjGN5LPuofycBEwGpPwqk2b/view"
"slideUrl","1Sq4_ZRXrATR2p9Agp15OqGR7cNyOAXUI","","","https://drive.google.com/file/d/1Sq4_ZRXrATR2p9Agp15OqGR7cNyOAXUI/view"
"videoUrl","1u70Q2Lk7UAhC62TTN3RpUmZ-6iqoN5sT","","","https://drive.google.com/file/d/1u70Q2Lk7UAhC62TTN3RpUmZ-6iqoN5sT/view"
"slideUrl","1LxjvVA_ZH0cQbEpiwsZXvJNbaY9HYZ5D","","","https://drive.google.com/file/d/1LxjvVA_ZH0cQbEpiwsZXvJNbaY9HYZ5D/view"
"videoUrl","1DLdHSkvwMtnNnD4yi4hJd9UtVi5FCnVf","","","https://drive.google.com/file/d/1DLdHSkvwMtnNnD4yi4hJd9UtVi5FCnVf/view"
"slideUrl","1HkQN_Ae5EGY1jYy948F49hbqMdlfxqND","","","https://drive.google.com/file/d/1HkQN_Ae5EGY1jYy948F49hbqMdlfxqND/view"
"videoUrl","1F7y2movk8wUeqshx-4uqmsOCAGIeF38x","","","https://drive.google.com/file/d/1F7y2movk8wUeqshx-4uqmsOCAGIeF38x/view"
"slideUrl","1qmnK3xruc4YoiHk3dZWFIW3eUGgcUoeL","","","https://drive.google.com/file/d/1qmnK3xruc4YoiHk3dZWFIW3eUGgcUoeL/view"
"videoUrl","1Zie2IQmjHxxUbs4lNiKWjfdm9tZu18bc","","","https://drive.google.com/file/d/1Zie2IQmjHxxUbs4lNiKWjfdm9tZu18bc/view"
"slideUrl","1uk0U7oqttO2xe4LYgc__UVQvHKCYN3KM","","","https://drive.google.com/file/d/1uk0U7oqttO2xe4LYgc__UVQvHKCYN3KM/view"
"videoUrl","1Y9GUOGos5zqfwgcmMQ4ObU0eozk1ytiE","","","https://drive.google.com/file/d/1Y9GUOGos5zqfwgcmMQ4ObU0eozk1ytiE/view"
"slideUrl","1wxcHBYjni09Vxpox4Vb5FLY_ApbfWezA","","","https://drive.google.com/file/d/1wxcHBYjni09Vxpox4Vb5FLY_ApbfWezA/view"
"videoUrl","1aOzloMNlYt8qU-XRo1u4Ej673TtzObop","","","https://drive.google.com/file/d/1aOzloMNlYt8qU-XRo1u4Ej673TtzObop/view"
"slideUrl","1-uRwvoDa3g1xiypoRZWHs4O4QLd8X1LN","","","https://drive.google.com/file/d/1-uRwvoDa3g1xiypoRZWHs4O4QLd8X1LN/view"
"videoUrl","1hOipjJQtcHd3rkerGlyvM3CRFD2kHbGn","","","https://drive.google.com/file/d/1hOipjJQtcHd3rkerGlyvM3CRFD2kHbGn/view"
"slideUrl","10xj05Skle5A8CCLw8TRbCLmz5NkS0Bs-","","","https://drive.google.com/file/d/10xj05Skle5A8CCLw8TRbCLmz5NkS0Bs-/view"
"videoUrl","1za50gLw4vSCxJAdj8cyHvsnsrSMGD8HR","","","https://drive.google.com/file/d/1za50gLw4vSCxJAdj8cyHvsnsrSMGD8HR/view"
"slideUrl","1CtvnN2W90tCqDzk3Hm901tuRPLRi1Kgk","","","https://drive.google.com/file/d/1CtvnN2W90tCqDzk3Hm901tuRPLRi1Kgk/view"
"videoUrl","1eo_LQsHL2VTYeBEi_EKb6qqGdIqf-jmd","","","https://drive.google.com/file/d/1eo_LQsHL2VTYeBEi_EKb6qqGdIqf-jmd/view"
"slideUrl","1bXZ7jlLVqgT4YgZAAwL9xAtMUo6ED0Bs","","","https://drive.google.com/file/d/1bXZ7jlLVqgT4YgZAAwL9xAtMUo6ED0Bs/view"
"videoUrl","1b225wDl3-_txlRZMohGpQVOtBFCk1Ld3","","","https://drive.google.com/file/d/1b225wDl3-_txlRZMohGpQVOtBFCk1Ld3/view"
"slideUrl","1fEGqjJ6E1w4c72VlJ-KQBrY9Hxgv4E-w","","","https://drive.google.com/file/d/1fEGqjJ6E1w4c72VlJ-KQBrY9Hxgv4E-w/view"
"videoUrl","1ex23xG4dfTvt0THMpKP9HkqVMXr6Bh0W","","","https://drive.google.com/file/d/1ex23xG4dfTvt0THMpKP9HkqVMXr6Bh0W/view"
"slideUrl","1_yqGUZx1i6hWlFq4Chl5tV7ENgi9tOoW","","","https://drive.google.com/file/d/1_yqGUZx1i6hWlFq4Chl5tV7ENgi9tOoW/view"
"videoUrl","1tbTbAQ8lV6BA5ugCdms_-6lYBvpwxy9k","","","https://drive.google.com/file/d/1tbTbAQ8lV6BA5ugCdms_-6lYBvpwxy9k/view"
"slideUrl","1iHCuZumbgW8atYl_7j2mjsGCIv6UfGFw","","","https://drive.google.com/file/d/1iHCuZumbgW8atYl_7j2mjsGCIv6UfGFw/view"
"videoUrl","1sihWD0xqszTryz8uXwn_XiCncOmHQavd","","","https://drive.google.com/file/d/1sihWD0xqszTryz8uXwn_XiCncOmHQavd/view"
"slideUrl","1Bs8JTDXHQGNkdw-sawvh0dM6dG-zzZd3","","","https://drive.google.com/file/d/1Bs8JTDXHQGNkdw-sawvh0dM6dG-zzZd3/view"
"videoUrl","1TciuW9gqO4Aid6vnGhcktmhgylNSho6n","","","https://drive.google.com/file/d/1TciuW9gqO4Aid6vnGhcktmhgylNSho6n/view"
"slideUrl","1peBnCtjmVgJAjOgwU3I1ZxrZfvM5ctuY","","","https://drive.google.com/file/d/1peBnCtjmVgJAjOgwU3I1ZxrZfvM5ctuY/view"
"videoUrl","1MpAR3NPZcCLnxz0ANFR5Y_VRdM_KFTWQ","","","https://drive.google.com/file/d/1MpAR3NPZcCLnxz0ANFR5Y_VRdM_KFTWQ/view"
"slideUrl","1K6fcF0BqHD-t6IjpR2D3JV-UB6e5hSrc","","","https://drive.google.com/file/d/1K6fcF0BqHD-t6IjpR2D3JV-UB6e5hSrc/view"
"videoUrl","19kU9RZhV3DdAuIzMykyEJR5T-o0p5nO3","","","https://drive.google.com/file/d/19kU9RZhV3DdAuIzMykyEJR5T-o0p5nO3/view"
"slideUrl","1jtTm1IkDloD961xAycuwFrHk5ZAcyX05","","","https://drive.google.com/file/d/1jtTm1IkDloD961xAycuwFrHk5ZAcyX05/view"
"videoUrl","1JWRolTwMRESdJneM-V5RjoxGtxSRLaMw","","","https://drive.google.com/file/d/1JWRolTwMRESdJneM-V5RjoxGtxSRLaMw/view"
"slideUrl","1zINVKYBVK-YAGDdA6-CGopZrhaM3AGrC","","","https://drive.google.com/file/d/1zINVKYBVK-YAGDdA6-CGopZrhaM3AGrC/view"
"videoUrl","17TM4LKzWNP_XPPgyxfGkTasX0O9R-Ag2","","","https://drive.google.com/file/d/17TM4LKzWNP_XPPgyxfGkTasX0O9R-Ag2/view"
"slideUrl","1ccFAzjZdYFOFAqDma3fnVuTxcZ7K98wA","","","https://drive.google.com/file/d/1ccFAzjZdYFOFAqDma3fnVuTxcZ7K98wA/view"
"videoUrl","1HVRIJUVq1BnFtpTjE6X51KTE8_MPnIQ1","","","https://drive.google.com/file/d/1HVRIJUVq1BnFtpTjE6X51KTE8_MPnIQ1/view"
"slideUrl","1BUejh0XXlwkVw-Yo8x2EAR_I9G-hbEdh","","","https://drive.google.com/file/d/1BUejh0XXlwkVw-Yo8x2EAR_I9G-hbEdh/view"
"videoUrl","1K3zocLbDyKno294VDLSy0Ah77ycjR5KN","","","https://drive.google.com/file/d/1K3zocLbDyKno294VDLSy0Ah77ycjR5KN/view"
"slideUrl","16NPgHKv_VRn-2xILH6jRNN_ULjf4S_jr","","","https://drive.google.com/file/d/16NPgHKv_VRn-2xILH6jRNN_ULjf4S_jr/view"
"videoUrl","1tkZuekqjDuZoFW1YsNLmZfGzBpIwL6lG","","","https://drive.google.com/file/d/1tkZuekqjDuZoFW1YsNLmZfGzBpIwL6lG/view"
"slideUrl","1bsb24FNVaXw2f1mFiOP5BlV6vHu94799","","","https://drive.google.com/file/d/1bsb24FNVaXw2f1mFiOP5BlV6vHu94799/view"
"videoUrl","1rplqaZK0QUCaHhl9vyFMNgq0Q8iMUSTC","","","https://drive.google.com/file/d/1rplqaZK0QUCaHhl9vyFMNgq0Q8iMUSTC/view"
"slideUrl","1uLIElqPXTijBvDfd_lqFasryAFALuTmU","","","https://drive.google.com/file/d/1uLIElqPXTijBvDfd_lqFasryAFALuTmU/view"
"videoUrl","12MfHlHUgngoIFy7LrRiOFselSCNYgQmO","","","https://drive.google.com/file/d/12MfHlHUgngoIFy7LrRiOFselSCNYgQmO/view"
"slideUrl","1ipjlvaasCyPJIQK5vt0LVjEJiRbOT12x","","","https://drive.google.com/file/d/1ipjlvaasCyPJIQK5vt0LVjEJiRbOT12x/view"
"videoUrl","1Em5osUwq_ApJDgAX7-pzscIE7oS9rPKS","","","https://drive.google.com/file/d/1Em5osUwq_ApJDgAX7-pzscIE7oS9rPKS/view"
"slideUrl","1aqURbvHWMchJhSmuirdRsK-hy6K0XeCC","","","https://drive.google.com/file/d/1aqURbvHWMchJhSmuirdRsK-hy6K0XeCC/view"
"videoUrl","1P5myarsf0at9YnyeqEA2bP8rNqNg9OLw","","","https://drive.google.com/file/d/1P5myarsf0at9YnyeqEA2bP8rNqNg9OLw/view"
"slideUrl","1uQG-CpW89YDEYnyIdhfPAiedzRHrtiy5","","","https://drive.google.com/file/d/1uQG-CpW89YDEYnyIdhfPAiedzRHrtiy5/view"
"videoUrl","129MjAK_cesLbqxmiMeoPFQvsdZ46wZMm","","","https://drive.google.com/file/d/129MjAK_cesLbqxmiMeoPFQvsdZ46wZMm/view"
"slideUrl","1cus-fzT56c6aobym-pIW4qYMpEkuelbf","","","https://drive.google.com/file/d/1cus-fzT56c6aobym-pIW4qYMpEkuelbf/view"
"videoUrl","1RUo3Te6yVy77SzdMgdcZn8K_TmU_O-X3","","","https://drive.google.com/file/d/1RUo3Te6yVy77SzdMgdcZn8K_TmU_O-X3/view"
"slideUrl","1ezGLAB6kGU5xjw0uQF2iqm2fUjBLzOpC","","","https://drive.google.com/file/d/1ezGLAB6kGU5xjw0uQF2iqm2fUjBLzOpC/view"
"videoUrl","1nvnhWazQ9zbmvpNFiTW3AyjaI1CgOLIN","","","https://drive.google.com/file/d/1nvnhWazQ9zbmvpNFiTW3AyjaI1CgOLIN/view"
"slideUrl","1ApwFSGk0Ah7wayVyiNrUqeVLKP1wN7jz","","","https://drive.google.com/file/d/1ApwFSGk0Ah7wayVyiNrUqeVLKP1wN7jz/view"
"videoUrl","1hxVITRmP_EjlSFDlwGZcrA74sXvLnDBA","","","https://drive.google.com/file/d/1hxVITRmP_EjlSFDlwGZcrA74sXvLnDBA/view"
"slideUrl","1qSyZRfkhEt8zIXd6ykdFzXHsrRO_S5qX","","","https://drive.google.com/file/d/1qSyZRfkhEt8zIXd6ykdFzXHsrRO_S5qX/view"
"videoUrl","1eqUne1AA7ZoVIT0rDynD5j4DJPuUPfjC","","","https://drive.google.com/file/d/1eqUne1AA7ZoVIT0rDynD5j4DJPuUPfjC/view"
"slideUrl","12b-UTwKp1MR9GhgImDr029k-RQlWTya3","","","https://drive.google.com/file/d/12b-UTwKp1MR9GhgImDr029k-RQlWTya3/view"
"videoUrl","1xzzWrg9SBx67b-BXchb_eb-4ecdzZPTY","","","https://drive.google.com/file/d/1xzzWrg9SBx67b-BXchb_eb-4ecdzZPTY/view"
"slideUrl","14Q5KQvLvQki6gWk1K1l6ObjSFhSIbFXC","","","https://drive.google.com/file/d/14Q5KQvLvQki6gWk1K1l6ObjSFhSIbFXC/view"
"videoUrl","1Kaor78N91gOCcjdUOLYTBekKWtPcUwaC","","","https://drive.google.com/file/d/1Kaor78N91gOCcjdUOLYTBekKWtPcUwaC/view"
"slideUrl","1rPBkj7JVfehZKr_-PN5SYRsIRe648MEo","","","https://drive.google.com/file/d/1rPBkj7JVfehZKr_-PN5SYRsIRe648MEo/view"
"videoUrl","1HbCYc7BRXh2tB1whSEviQ5GloTv-NoCT","","","https://drive.google.com/file/d/1HbCYc7BRXh2tB1whSEviQ5GloTv-NoCT/view"
"slideUrl","1weeYh1TWbjOf8I2Ljjl0qlhSyp_tfvgW","","","https://drive.google.com/file/d/1weeYh1TWbjOf8I2Ljjl0qlhSyp_tfvgW/view"
"videoUrl","1VgoXJajodn7v547COPajfxeGgbg1j39i","","","https://drive.google.com/file/d/1VgoXJajodn7v547COPajfxeGgbg1j39i/view"
"slideUrl","1QgLxnChf8ClklCH8EpvhtHcbmUgLGz4k","","","https://drive.google.com/file/d/1QgLxnChf8ClklCH8EpvhtHcbmUgLGz4k/view"
"videoUrl","1z6uUjluNi_qjdJA5uDYsT0nbsVM9H4Zz","","","https://drive.google.com/file/d/1z6uUjluNi_qjdJA5uDYsT0nbsVM9H4Zz/view"
"slideUrl","1sMzXJ5YmzdsDBMI5FlgZcNzaoMjPCLOZ","","","https://drive.google.com/file/d/1sMzXJ5YmzdsDBMI5FlgZcNzaoMjPCLOZ/view"
"videoUrl","1CCTFyVk930Pba37MIHtY2gNWUK5BzzE8","","","https://drive.google.com/file/d/1CCTFyVk930Pba37MIHtY2gNWUK5BzzE8/view"
"slideUrl","1kHY_hCs9n2VJorxMyalO9Jjr1ceWffqw","","","https://drive.google.com/file/d/1kHY_hCs9n2VJorxMyalO9Jjr1ceWffqw/view"
"videoUrl","1QcTtUPkEqgSlP1ljbBsN-kWCxOUf5Fnm","","","https://drive.google.com/file/d/1QcTtUPkEqgSlP1ljbBsN-kWCxOUf5Fnm/view"
"slideUrl","1ueOkVbr54om1SKUFrZ2ONoDB98HrU1nO","","","https://drive.google.com/file/d/1ueOkVbr54om1SKUFrZ2ONoDB98HrU1nO/view"
"videoUrl","1O5WdCHAdWlUP8CTLe3uf7MZ5LtCbcm7d","","","https://drive.google.com/file/d/1O5WdCHAdWlUP8CTLe3uf7MZ5LtCbcm7d/view"
"slideUrl","1iLWXuFq2Yk_Of9niw3jJI_SdPlidZVB4","","","https://drive.google.com/file/d/1iLWXuFq2Yk_Of9niw3jJI_SdPlidZVB4/view"
"videoUrl","1NNvZ2Fl99Ko6QJtQ3pFKT3jvohN6t_Sx","","","https://drive.google.com/file/d/1NNvZ2Fl99Ko6QJtQ3pFKT3jvohN6t_Sx/view"
"slideUrl","1S4HZpMzL_Zohk__vbDdInbusDf0il7UW","","","https://drive.google.com/file/d/1S4HZpMzL_Zohk__vbDdInbusDf0il7UW/view"
"videoUrl","1HNKxcKs2d0cLH_U6By8ApGLn6CUhV-su","","","https://drive.google.com/file/d/1HNKxcKs2d0cLH_U6By8ApGLn6CUhV-su/view"
"slideUrl","1mUhzgPqLS-ga3Ak2iiqFHMhxYGVszu2P","","","https://drive.google.com/file/d/1mUhzgPqLS-ga3Ak2iiqFHMhxYGVszu2P/view"
"videoUrl","1LourlW0pibdqTKMs8NAF4pdXt69VxsXc","","","https://drive.google.com/file/d/1LourlW0pibdqTKMs8NAF4pdXt69VxsXc/view"
"slideUrl","1VIQgqBCp6npHKjGxm8hSMlw8RMaRJ5cZ","","","https://drive.google.com/file/d/1VIQgqBCp6npHKjGxm8hSMlw8RMaRJ5cZ/view"
"videoUrl","1c9Oot2S1tLcpVsMJUU3QT7-q_T8NwOi4","","","https://drive.google.com/file/d/1c9Oot2S1tLcpVsMJUU3QT7-q_T8NwOi4/view"
"slideUrl","1Zw74P3qJvyCv_0VXTX4mO2lXOFRvd5PO","","","https://drive.google.com/file/d/1Zw74P3qJvyCv_0VXTX4mO2lXOFRvd5PO/view"
"videoUrl","1f_C0mwqfTkYR1pwaRUsb-eDdtUrQ6dwL","","","https://drive.google.com/file/d/1f_C0mwqfTkYR1pwaRUsb-eDdtUrQ6dwL/view"
"slideUrl","16RzH9SSG5Sc7sImekEal3ZTXJIQQqGGZ","","","https://drive.google.com/file/d/16RzH9SSG5Sc7sImekEal3ZTXJIQQqGGZ/view"
"videoUrl","1zYQs8q3v683LGI6z3GH2WTPRiEk5Bmxq","","","https://drive.google.com/file/d/1zYQs8q3v683LGI6z3GH2WTPRiEk5Bmxq/view"
"slideUrl","1rCle6I1qw0Za-enNjGt0kD9TRlduMmHc","","","https://drive.google.com/file/d/1rCle6I1qw0Za-enNjGt0kD9TRlduMmHc/view"
"videoUrl","1xD5JEIqXuLcXzHQcCnm9yAKQ0DH60xXk","","","https://drive.google.com/file/d/1xD5JEIqXuLcXzHQcCnm9yAKQ0DH60xXk/view"
"slideUrl","1IhlU2A8YZ2q_T62M0zes_AwmcA95Vphh","","","https://drive.google.com/file/d/1IhlU2A8YZ2q_T62M0zes_AwmcA95Vphh/view"
"videoUrl","12Tg3QqcDLUJWWqFzcF6voonSpLadQhLF","","","https://drive.google.com/file/d/12Tg3QqcDLUJWWqFzcF6voonSpLadQhLF/view"
"slideUrl","1KVOM8KCgtYmUrY3tOfKM8VY_4s6ZgHPL","","","https://drive.google.com/file/d/1KVOM8KCgtYmUrY3tOfKM8VY_4s6ZgHPL/view"
"videoUrl","1Xsjg_K2Bg5Pny8vjMLU0H6kkKbXy98Ks","","","https://drive.google.com/file/d/1Xsjg_K2Bg5Pny8vjMLU0H6kkKbXy98Ks/view"
"slideUrl","1AAxRPdPcdFGSNB2SIhzDfMNWWvGKkGQY","","","https://drive.google.com/file/d/1AAxRPdPcdFGSNB2SIhzDfMNWWvGKkGQY/view"
"videoUrl","1ydcfCkxjCNRAePfG8QQ71PAlxI-1uqR2","","","https://drive.google.com/file/d/1ydcfCkxjCNRAePfG8QQ71PAlxI-1uqR2/view"
"slideUrl","1T7woOfP1C0Zd1TXidiDcFj52ygtdUUEQ","","","https://drive.google.com/file/d/1T7woOfP1C0Zd1TXidiDcFj52ygtdUUEQ/view"
"videoUrl","1fc-A8mnhqtMLffsn3GyXtOiquEJuZCb2","","","https://drive.google.com/file/d/1fc-A8mnhqtMLffsn3GyXtOiquEJuZCb2/view"
"slideUrl","1vOex7ASqpwA0GWQAocrF-VRHwSty7onJ","","","https://drive.google.com/file/d/1vOex7ASqpwA0GWQAocrF-VRHwSty7onJ/view"
"videoUrl","1boZVVlMQJVQxZGCx7tOgZT3OitFUhFbq","","","https://drive.google.com/file/d/1boZVVlMQJVQxZGCx7tOgZT3OitFUhFbq/view"
"slideUrl","1uwfru_g3sKC8hC9d3neBH9jSB0NAMqcu","","","https://drive.google.com/file/d/1uwfru_g3sKC8hC9d3neBH9jSB0NAMqcu/view"
"videoUrl","1uXHfLT7pnCmCu5GwBfEWZFO_5VF7Y_wu","","","https://drive.google.com/file/d/1uXHfLT7pnCmCu5GwBfEWZFO_5VF7Y_wu/view"
"slideUrl","1xeWksoyMxKzZpUQksRCmnSSw4a50DXpc","","","https://drive.google.com/file/d/1xeWksoyMxKzZpUQksRCmnSSw4a50DXpc/view"
"videoUrl","1wzW0b_LWFQAxOxuwylrbKSbKg_mAaJmi","","","https://drive.google.com/file/d/1wzW0b_LWFQAxOxuwylrbKSbKg_mAaJmi/view"
"slideUrl","1cZrIHh43jCu1OvTtFPQjSNTMfWEppbil","","","https://drive.google.com/file/d/1cZrIHh43jCu1OvTtFPQjSNTMfWEppbil/view"
"videoUrl","1mIPzrZpbIazZQsa8l8ckBuysFtwLjl8L","","","https://drive.google.com/file/d/1mIPzrZpbIazZQsa8l8ckBuysFtwLjl8L/view"
"slideUrl","1q_FE_uBzF_LihYltxH2IPnxFwx0omdo_","","","https://drive.google.com/file/d/1q_FE_uBzF_LihYltxH2IPnxFwx0omdo_/view"
"videoUrl","1ta6mznV73Gl6T_xEbE0noU5YWp8W0lBE","","","https://drive.google.com/file/d/1ta6mznV73Gl6T_xEbE0noU5YWp8W0lBE/view"
"slideUrl","1y7qdodo89-a5IwiBfVDb_fWCZX51CW9M","","","https://drive.google.com/file/d/1y7qdodo89-a5IwiBfVDb_fWCZX51CW9M/view"
"videoUrl","1gLLpE8xgDsABP_2BIAdzWQKpYQv1zegb","","","https://drive.google.com/file/d/1gLLpE8xgDsABP_2BIAdzWQKpYQv1zegb/view"
"slideUrl","1L7QIiBa-tisxQlsiQ-ddM1eAWvtSjbLI","","","https://drive.google.com/file/d/1L7QIiBa-tisxQlsiQ-ddM1eAWvtSjbLI/view"
"videoUrl","1aWFeyOnXXqdPPQX7gB_PNi8IJF0s74fu","","","https://drive.google.com/file/d/1aWFeyOnXXqdPPQX7gB_PNi8IJF0s74fu/view"
"slideUrl","1d2Jq2wR25PVp2ai1qaPraa15f4yEbhU_","","","https://drive.google.com/file/d/1d2Jq2wR25PVp2ai1qaPraa15f4yEbhU_/view"
"videoUrl","1WFjeSzoYpsKGEsNrT3dYB29RT9VWW7bG","","","https://drive.google.com/file/d/1WFjeSzoYpsKGEsNrT3dYB29RT9VWW7bG/view"
"slideUrl","1suPuguRNPetXDY-YrsaZI4vuDcY_N4i2","","","https://drive.google.com/file/d/1suPuguRNPetXDY-YrsaZI4vuDcY_N4i2/view"
"videoUrl","1-YPAAf-IXcdqTDj9wQfkaSkOXL_qEHjM","","","https://drive.google.com/file/d/1-YPAAf-IXcdqTDj9wQfkaSkOXL_qEHjM/view"
"slideUrl","1Tt2Tn2bTSxtkJfhITb8RdNt5mI_5crIb","","","https://drive.google.com/file/d/1Tt2Tn2bTSxtkJfhITb8RdNt5mI_5crIb/view"
"videoUrl","1ApNLOMvCvRuf8UAMxXmlRnB9EtwGdtd1","","","https://drive.google.com/file/d/1ApNLOMvCvRuf8UAMxXmlRnB9EtwGdtd1/view"
"slideUrl","1ijV4fD4q4IzSL7tCwN9INJoIutw6zTpI","","","https://drive.google.com/file/d/1ijV4fD4q4IzSL7tCwN9INJoIutw6zTpI/view"
"videoUrl","169OBbcfQxf58Uex-iMq-Sp3MnDWbvEPS","","","https://drive.google.com/file/d/169OBbcfQxf58Uex-iMq-Sp3MnDWbvEPS/view"
"slideUrl","1ypjSG_VlA9IDGV6nxCGT9ojvXXbQxjMt","","","https://drive.google.com/file/d/1ypjSG_VlA9IDGV6nxCGT9ojvXXbQxjMt/view"
"videoUrl","1Fc9nWLbpAxi244qgiFusFWG9mlO1eq2f","","","https://drive.google.com/file/d/1Fc9nWLbpAxi244qgiFusFWG9mlO1eq2f/view"
"slideUrl","1vRCJI0BPST0PaHDsql3sIsmWMGP9cgaT","","","https://drive.google.com/file/d/1vRCJI0BPST0PaHDsql3sIsmWMGP9cgaT/view"
"videoUrl","1LzN9O_4X7QWWXa9BV0vZB_wryox3BMBn","","","https://drive.google.com/file/d/1LzN9O_4X7QWWXa9BV0vZB_wryox3BMBn/view"
"slideUrl","1mzm32eKPVsOP0cr_roN3fnfi2OQlmZ4P","","","https://drive.google.com/file/d/1mzm32eKPVsOP0cr_roN3fnfi2OQlmZ4P/view"
"videoUrl","1sLTaIrnHb0nuR1JZLzwwgFH9bzLSvMcY","","","https://drive.google.com/file/d/1sLTaIrnHb0nuR1JZLzwwgFH9bzLSvMcY/view"
"slideUrl","1ACDHnHJEKsEIEPW9sprphTq9tcJ5VoP5","","","https://drive.google.com/file/d/1ACDHnHJEKsEIEPW9sprphTq9tcJ5VoP5/view"
"videoUrl","1fR02YiXTqhGjjSEgDW3S2KFK7Ejv7zMo","","","https://drive.google.com/file/d/1fR02YiXTqhGjjSEgDW3S2KFK7Ejv7zMo/view"
"slideUrl","16bZHEt3_IU0H5r2pvcAtCzVkpS0DXnJ8","","","https://drive.google.com/file/d/16bZHEt3_IU0H5r2pvcAtCzVkpS0DXnJ8/view"
"videoUrl","1jQnhIl9_CzfjshLkvJYETU1WTNiVMruo","","","https://drive.google.com/file/d/1jQnhIl9_CzfjshLkvJYETU1WTNiVMruo/view"
"slideUrl","1dsEJwqvB7ZAAgw2kKlIdyqZIcgdZ8Hmj","","","https://drive.google.com/file/d/1dsEJwqvB7ZAAgw2kKlIdyqZIcgdZ8Hmj/view"
"videoUrl","1yC5uJPJAOJnkPaBbmWPV5kb5pkEcEI3E","","","https://drive.google.com/file/d/1yC5uJPJAOJnkPaBbmWPV5kb5pkEcEI3E/view"
"slideUrl","15NLhNowi5WmS7Ta-e9rpazCF5nrL4v9P","","","https://drive.google.com/file/d/15NLhNowi5WmS7Ta-e9rpazCF5nrL4v9P/view"
"videoUrl","11iNoIgJZ4VoVpHfFoQUPnKGiAKzas_Na","","","https://drive.google.com/file/d/11iNoIgJZ4VoVpHfFoQUPnKGiAKzas_Na/view"
"slideUrl","1j5XdFuF8G7gWVUJK4M9v2mUPPcTWGjGl","","","https://drive.google.com/file/d/1j5XdFuF8G7gWVUJK4M9v2mUPPcTWGjGl/view"
"videoUrl","19piqO6sRKyiuXMX_pWJNQoXlavrk_xSQ","","","https://drive.google.com/file/d/19piqO6sRKyiuXMX_pWJNQoXlavrk_xSQ/view"
"slideUrl","1IHcJ0m1RzBw2l6LjTfRO-Ny9TR5gYC1p","","","https://drive.google.com/file/d/1IHcJ0m1RzBw2l6LjTfRO-Ny9TR5gYC1p/view"
"videoUrl","1OJ4TDtposS5lpT7s-gxS3SEGTqtVciI_","","","https://drive.google.com/file/d/1OJ4TDtposS5lpT7s-gxS3SEGTqtVciI_/view"
"slideUrl","1E6T1d8S9oBT3FgYRFRKN6l4xxpYOHVmS","","","https://drive.google.com/file/d/1E6T1d8S9oBT3FgYRFRKN6l4xxpYOHVmS/view"
"videoUrl","1wTuK7sci-4Vf_dX1dUJ9vbxiR8iBS-Hx","","","https://drive.google.com/file/d/1wTuK7sci-4Vf_dX1dUJ9vbxiR8iBS-Hx/view"
"slideUrl","1Q5mVHrk1hz8oOSaHiOq5CzvC7rZUUt9K","","","https://drive.google.com/file/d/1Q5mVHrk1hz8oOSaHiOq5CzvC7rZUUt9K/view"
"videoUrl","1rzCl3dUl7qatlOH8FJ7RQgGUokeNbAL9","","","https://drive.google.com/file/d/1rzCl3dUl7qatlOH8FJ7RQgGUokeNbAL9/view"
"slideUrl","1grRajzXH7GDL2JUOhoz60phYwfB9MYP5","","","https://drive.google.com/file/d/1grRajzXH7GDL2JUOhoz60phYwfB9MYP5/view"
"videoUrl","1WqFL50Qw0kHOyFUOlP_DRw25V98SBVk_","","","https://drive.google.com/file/d/1WqFL50Qw0kHOyFUOlP_DRw25V98SBVk_/view"
"slideUrl","17iQi9sfYvqASh7GwcTElINmAV1vH5NSI","","","https://drive.google.com/file/d/17iQi9sfYvqASh7GwcTElINmAV1vH5NSI/view"
"videoUrl","1c9JjO03-4OFH4LgSXRl78WXiJFZz3rA-","","","https://drive.google.com/file/d/1c9JjO03-4OFH4LgSXRl78WXiJFZz3rA-/view"
"slideUrl","1R1NWjcxxiBxCiWNNI5CnIxa1toi_RtK6","","","https://drive.google.com/file/d/1R1NWjcxxiBxCiWNNI5CnIxa1toi_RtK6/view"
"videoUrl","1lgPziedk-hDiYaLVy7fWGsuIXH4jn2Xq","","","https://drive.google.com/file/d/1lgPziedk-hDiYaLVy7fWGsuIXH4jn2Xq/view"
"slideUrl","1SvXPlKdN_MeHc0MCedzdhDuXLg-6FZg_","","","https://drive.google.com/file/d/1SvXPlKdN_MeHc0MCedzdhDuXLg-6FZg_/view"
"videoUrl","1bVV5kk2GKk-MNFB_dFAVGNdo6gRa5WSE","","","https://drive.google.com/file/d/1bVV5kk2GKk-MNFB_dFAVGNdo6gRa5WSE/view"
"slideUrl","1Sj5bxmMOBmjpX_G9nho8C2MX9hPv13dL","","","https://drive.google.com/file/d/1Sj5bxmMOBmjpX_G9nho8C2MX9hPv13dL/view"
"videoUrl","1GeRVWdvMzeFNzemLePxnBvsPDrM_kbJt","","","https://drive.google.com/file/d/1GeRVWdvMzeFNzemLePxnBvsPDrM_kbJt/view"
"slideUrl","1x-2M_D6960iveavPGtYQWgNrIbYeQto3","","","https://drive.google.com/file/d/1x-2M_D6960iveavPGtYQWgNrIbYeQto3/view"
"videoUrl","1qR_p_vg4cK7vgorTPTAsspP65TBKfjGj","","","https://drive.google.com/file/d/1qR_p_vg4cK7vgorTPTAsspP65TBKfjGj/view"
"slideUrl","1fVQjTE1NB9Etyz06TMgxmf-VT70HWYsr","","","https://drive.google.com/file/d/1fVQjTE1NB9Etyz06TMgxmf-VT70HWYsr/view"
"videoUrl","1_KexQM0aqEtECUnuvGZnlbnqDSvdCMdx","","","https://drive.google.com/file/d/1_KexQM0aqEtECUnuvGZnlbnqDSvdCMdx/view"
"slideUrl","1soPF_XX_utouMXIu1ibgu46hR7txbYvW","","","https://drive.google.com/file/d/1soPF_XX_utouMXIu1ibgu46hR7txbYvW/view"
"videoUrl","1tZ8BTaxj4Z630vgqqvq8XMtw-nyH_zI7","","","https://drive.google.com/file/d/1tZ8BTaxj4Z630vgqqvq8XMtw-nyH_zI7/view"
"slideUrl","1nJu1pafMBLDN4pPU_k2nLBP9m25q1Fbd","","","https://drive.google.com/file/d/1nJu1pafMBLDN4pPU_k2nLBP9m25q1Fbd/view"
"videoUrl","1RFe7fFmH9vgKTSqCjspdldVwJk2ueDte","","","https://drive.google.com/file/d/1RFe7fFmH9vgKTSqCjspdldVwJk2ueDte/view"
"slideUrl","1N5VnEs5h8VhDQhZeXBeNUJPl9eFT3Ohn","","","https://drive.google.com/file/d/1N5VnEs5h8VhDQhZeXBeNUJPl9eFT3Ohn/view"
"videoUrl","1GyBTjvc5euVMz0jOQ6dgJnWWj17TNAee","","","https://drive.google.com/file/d/1GyBTjvc5euVMz0jOQ6dgJnWWj17TNAee/view"
"slideUrl","18qYIZgINdmhWRUtol1plaA89BbcdnX7V","","","https://drive.google.com/file/d/18qYIZgINdmhWRUtol1plaA89BbcdnX7V/view"
"videoUrl","1UdpCpWp7Xn1pAw00GXNDZRymNv9KkWWM","","","https://drive.google.com/file/d/1UdpCpWp7Xn1pAw00GXNDZRymNv9KkWWM/view"
"slideUrl","1tgyXK8h3ijxtSkLWLBrAzbrD13PTM90O","","","https://drive.google.com/file/d/1tgyXK8h3ijxtSkLWLBrAzbrD13PTM90O/view"
"videoUrl","1zNAV4r_U1eE7_JA7x_Y-VMkek_UfBH36","","","https://drive.google.com/file/d/1zNAV4r_U1eE7_JA7x_Y-VMkek_UfBH36/view"
"slideUrl","1nB_9xDPy0ckb1IOQ_sqYP3g7BfMx_ZQy","","","https://drive.google.com/file/d/1nB_9xDPy0ckb1IOQ_sqYP3g7BfMx_ZQy/view"
"videoUrl","1fziyTlCfwz3b81OReYKWNFJA6h703bhT","","","https://drive.google.com/file/d/1fziyTlCfwz3b81OReYKWNFJA6h703bhT/view"
"slideUrl","1kALl0yc4E7Beta1_7bQG2fs2PrV6YHbD","","","https://drive.google.com/file/d/1kALl0yc4E7Beta1_7bQG2fs2PrV6YHbD/view"
"videoUrl","1CjtKmB2qVsJ77ahDIlEFtrPE1XbiUDen","","","https://drive.google.com/file/d/1CjtKmB2qVsJ77ahDIlEFtrPE1XbiUDen/view"
"slideUrl","1NnmxCSPSWOLs3xgL4BqUyfk4x_Pon__N","","","https://drive.google.com/file/d/1NnmxCSPSWOLs3xgL4BqUyfk4x_Pon__N/view"
"videoUrl","1tVvDnInw_ExhKXr9Rqo43_8-j65iH373","","","https://drive.google.com/file/d/1tVvDnInw_ExhKXr9Rqo43_8-j65iH373/view"
"slideUrl","19QeB99EIIiKICfhZtfKBFKRqsOj56o7c","","","https://drive.google.com/file/d/19QeB99EIIiKICfhZtfKBFKRqsOj56o7c/view"
"videoUrl","1w0gpkOLzmSR3ts0Z_n6O9t9qa99A7lbq","","","https://drive.google.com/file/d/1w0gpkOLzmSR3ts0Z_n6O9t9qa99A7lbq/view"
"slideUrl","1dnCbTRCcUWkHP2IW1AVvQWKhBsk0zDw1","","","https://drive.google.com/file/d/1dnCbTRCcUWkHP2IW1AVvQWKhBsk0zDw1/view"
"videoUrl","1ALyp72VWsNxP-CnzKjVd56H-7HBgEZN0","","","https://drive.google.com/file/d/1ALyp72VWsNxP-CnzKjVd56H-7HBgEZN0/view"
"slideUrl","1ndbwI-I9TrCi3tsZmyVaE1mi9Jue55nC","","","https://drive.google.com/file/d/1ndbwI-I9TrCi3tsZmyVaE1mi9Jue55nC/view"
"videoUrl","1AiEzWZIgWlgOMXYFl3-O16Fb2hIHprJs","","","https://drive.google.com/file/d/1AiEzWZIgWlgOMXYFl3-O16Fb2hIHprJs/view"
"slideUrl","110i98J1SROVQHzcbz_Mm6ba6W7UftTc1","","","https://drive.google.com/file/d/110i98J1SROVQHzcbz_Mm6ba6W7UftTc1/view"
"videoUrl","1u9iXJhe14j2kN46w542F0OSQ25EOhv-4","","","https://drive.google.com/file/d/1u9iXJhe14j2kN46w542F0OSQ25EOhv-4/view"
"slideUrl","1pClOm_QEqoPZlab5BAHhAisF9I8pwFwB","","","https://drive.google.com/file/d/1pClOm_QEqoPZlab5BAHhAisF9I8pwFwB/view"
"videoUrl","1r5McpEjKqVLyTzkWTnJ-DwsCHZUpO74I","","","https://drive.google.com/file/d/1r5McpEjKqVLyTzkWTnJ-DwsCHZUpO74I/view"
"slideUrl","100n6pELPyvkLXcDFhdynENAllrxthglk","","","https://drive.google.com/file/d/100n6pELPyvkLXcDFhdynENAllrxthglk/view"
"videoUrl","1OCxRe_3hGrJO_3VQOr5sU3tQYZQ5ZGU4","","","https://drive.google.com/file/d/1OCxRe_3hGrJO_3VQOr5sU3tQYZQ5ZGU4/view"
"slideUrl","1bR1QpP8bZxLS8mG5NQQhf9PhA35QCPvX","","","https://drive.google.com/file/d/1bR1QpP8bZxLS8mG5NQQhf9PhA35QCPvX/view"
"videoUrl","1h0KY8rEj05MzuS94fkuLAvWcwWM7MAE8","","","https://drive.google.com/file/d/1h0KY8rEj05MzuS94fkuLAvWcwWM7MAE8/view"
"slideUrl","1xx2XAyYGA-qlXvh_j-xiscnFubfX_wYm","","","https://drive.google.com/file/d/1xx2XAyYGA-qlXvh_j-xiscnFubfX_wYm/view"
"videoUrl","1Y33bbh2qgDX--BTt_BQzKzqvgEn_Ubf_","","","https://drive.google.com/file/d/1Y33bbh2qgDX--BTt_BQzKzqvgEn_Ubf_/view"
"slideUrl","1o4uLnaCWYqMNsUWUPk9RiMaJDlCS0OBm","","","https://drive.google.com/file/d/1o4uLnaCWYqMNsUWUPk9RiMaJDlCS0OBm/view"
"videoUrl","1Uk4EzTI_vib-hVg7kL26WdWCZKVQ1fJY","","","https://drive.google.com/file/d/1Uk4EzTI_vib-hVg7kL26WdWCZKVQ1fJY/view"
"slideUrl","1fjLKYLsMoJ4oaD3QtFrbc8VtDeX4Lfoj","","","https://drive.google.com/file/d/1fjLKYLsMoJ4oaD3QtFrbc8VtDeX4Lfoj/view"
"videoUrl","1rKyXebad8UxbUVYXBXjV6uci9MwhDxkV","","","https://drive.google.com/file/d/1rKyXebad8UxbUVYXBXjV6uci9MwhDxkV/view"
"slideUrl","1nvD34bhI5K9KfZDJa-pwvr-A6s1owaI5","","","https://drive.google.com/file/d/1nvD34bhI5K9KfZDJa-pwvr-A6s1owaI5/view"
"videoUrl","1Nr4LvFF1UUsyzyUUHtDQEv25HbBfU3SP","","","https://drive.google.com/file/d/1Nr4LvFF1UUsyzyUUHtDQEv25HbBfU3SP/view"
"slideUrl","1B0qT65iSIhL_Ut0pGEcSZSGy9HZMyIgA","","","https://drive.google.com/file/d/1B0qT65iSIhL_Ut0pGEcSZSGy9HZMyIgA/view"
"videoUrl","1IBPtpiwBibXSggTf0LFlbzlRYY4yXjPm","","","https://drive.google.com/file/d/1IBPtpiwBibXSggTf0LFlbzlRYY4yXjPm/view"
"slideUrl","1FmJroZKVVhiKSP8jbb_pXPhkFx7NOZLZ","","","https://drive.google.com/file/d/1FmJroZKVVhiKSP8jbb_pXPhkFx7NOZLZ/view"
"videoUrl","17QaUQ6tbk06Q3MwsWTmZD2dSqRzJJCGD","","","https://drive.google.com/file/d/17QaUQ6tbk06Q3MwsWTmZD2dSqRzJJCGD/view"
"slideUrl","1CwrspV1ivXngflaT8EWeSN9F0GOIf1OA","","","https://drive.google.com/file/d/1CwrspV1ivXngflaT8EWeSN9F0GOIf1OA/view"
"videoUrl","1L3fSyZehQiQUMq51f3TgpkKBxVXCBuSQ","","","https://drive.google.com/file/d/1L3fSyZehQiQUMq51f3TgpkKBxVXCBuSQ/view"
"slideUrl","1ji1U_jKGbABMpIFQz3ylJ1EudxhRk40H","","","https://drive.google.com/file/d/1ji1U_jKGbABMpIFQz3ylJ1EudxhRk40H/view"
"videoUrl","1NlxkUqZJU-hH57yMVnO0DBl-RFq9ONvD","","","https://drive.google.com/file/d/1NlxkUqZJU-hH57yMVnO0DBl-RFq9ONvD/view"
"slideUrl","13SUFqeH_EaZAvpGRxSlkTC6Mr-Lo0Tfk","","","https://drive.google.com/file/d/13SUFqeH_EaZAvpGRxSlkTC6Mr-Lo0Tfk/view"
"videoUrl","1WK_nTITWTZ29yENcFhnMKEVoeJiI99po","","","https://drive.google.com/file/d/1WK_nTITWTZ29yENcFhnMKEVoeJiI99po/view"
"slideUrl","1bUiB2qRGMT6rfwRSjquAlxqdLeKUIbuj","","","https://drive.google.com/file/d/1bUiB2qRGMT6rfwRSjquAlxqdLeKUIbuj/view"
"videoUrl","1Xt_VN4Er3GIXRRqzSqJ91vuru60MMCTi","","","https://drive.google.com/file/d/1Xt_VN4Er3GIXRRqzSqJ91vuru60MMCTi/view"
"slideUrl","1gyBICjL2LEBiiEvEuvVHk4kVhlFpfYEG","","","https://drive.google.com/file/d/1gyBICjL2LEBiiEvEuvVHk4kVhlFpfYEG/view"
"videoUrl","1hlGPT_p_DeCg-LJM_-8fNcaWtuem5Dlu","","","https://drive.google.com/file/d/1hlGPT_p_DeCg-LJM_-8fNcaWtuem5Dlu/view"
"slideUrl","1tT-9RXUkMkeNdXtrAtZ17FRmLDai5qKX","","YES","https://drive.google.com/drive/folders/1tT-9RXUkMkeNdXtrAtZ17FRmLDai5qKX"
"videoUrl","1QMiTCfDDQ0OBoRxU_LyEgIFDOJPKTqoq","","","https://drive.google.com/file/d/1QMiTCfDDQ0OBoRxU_LyEgIFDOJPKTqoq/view"
"slideUrl","1OohKM6pa60VK0qHkuJnMuOV9Y6N3ZXBs","","","https://drive.google.com/file/d/1OohKM6pa60VK0qHkuJnMuOV9Y6N3ZXBs/view"
"videoUrl","1GPsgGMp0sN6Z_P24u7CQYXpAAozmBksb","","","https://drive.google.com/file/d/1GPsgGMp0sN6Z_P24u7CQYXpAAozmBksb/view"
"slideUrl","1CwdwRZKbdKOsXZ6tRQQlw65khimQWSUI","","","https://drive.google.com/file/d/1CwdwRZKbdKOsXZ6tRQQlw65khimQWSUI/view"
"videoUrl","1krOAfACmtrr3eXs-sWTkAGXY3DsbmH89","","","https://drive.google.com/file/d/1krOAfACmtrr3eXs-sWTkAGXY3DsbmH89/view"
"slideUrl","186KoN5L43PDCMhwuW-UMljz_vBM-ox1P","","","https://drive.google.com/file/d/186KoN5L43PDCMhwuW-UMljz_vBM-ox1P/view"
"videoUrl","1ix3TLGKIt9ff9rGos5elzEhTb7gQeYCw","","","https://drive.google.com/file/d/1ix3TLGKIt9ff9rGos5elzEhTb7gQeYCw/view"
"slideUrl","1hTk3uWU6KR3tbVOa-UjEhYoBCOpeKOja","","","https://drive.google.com/file/d/1hTk3uWU6KR3tbVOa-UjEhYoBCOpeKOja/view"
"videoUrl","1hAZn2u9MEqdnkcxIkfdweEwJAwI4lSfq","","","https://drive.google.com/file/d/1hAZn2u9MEqdnkcxIkfdweEwJAwI4lSfq/view"
"slideUrl","1zbhLtJN8rKZ5UXMUKZsrxCuLPBWMJwTO","","","https://drive.google.com/file/d/1zbhLtJN8rKZ5UXMUKZsrxCuLPBWMJwTO/view"
"videoUrl","1YUXfpQhf92BZ_DCvE8cEQd1jPVkTkt2T","","","https://drive.google.com/file/d/1YUXfpQhf92BZ_DCvE8cEQd1jPVkTkt2T/view"
"slideUrl","1PLXanM81neuWJcqiKTgwOpW_VWOh6KJG","","","https://drive.google.com/file/d/1PLXanM81neuWJcqiKTgwOpW_VWOh6KJG/view"
"videoUrl","1KvKghOHQ1loYs6WAvzgzDbpRmY38e2ls","","","https://drive.google.com/file/d/1KvKghOHQ1loYs6WAvzgzDbpRmY38e2ls/view"
"slideUrl","1x-rkMc4Kz03My8qEiQKDO-G3gsuWzS4n","","","https://drive.google.com/file/d/1x-rkMc4Kz03My8qEiQKDO-G3gsuWzS4n/view"
"videoUrl","1S0Pp_DrHVUvncMRiFscbmlio-GVakAuZ","","","https://drive.google.com/file/d/1S0Pp_DrHVUvncMRiFscbmlio-GVakAuZ/view"
"slideUrl","1Mzrq6nSZUro1CJLbFVc9-vvTFswPFhTX","","","https://drive.google.com/file/d/1Mzrq6nSZUro1CJLbFVc9-vvTFswPFhTX/view"
"videoUrl","12GCJH7IDW-nhUsRhaIkXeSvJGHrzHeKk","","","https://drive.google.com/file/d/12GCJH7IDW-nhUsRhaIkXeSvJGHrzHeKk/view"
"slideUrl","17_o2_ZGGrdU8ceFuWIPlRK_jwe2SYSoR","","","https://drive.google.com/file/d/17_o2_ZGGrdU8ceFuWIPlRK_jwe2SYSoR/view"
"videoUrl","1SzJ8dCDCgWXtP8rgjrVNSkQuu3TBtPDZ","","","https://drive.google.com/file/d/1SzJ8dCDCgWXtP8rgjrVNSkQuu3TBtPDZ/view"
"slideUrl","1hEL40mlI9dDVxbzYVg9hqbTSG9UDHcf7","","","https://drive.google.com/file/d/1hEL40mlI9dDVxbzYVg9hqbTSG9UDHcf7/view"
"videoUrl","1p3jFhowjUau7_CHS2Cyp2U-cn_Qx1qbt","","","https://drive.google.com/file/d/1p3jFhowjUau7_CHS2Cyp2U-cn_Qx1qbt/view"
"slideUrl","1vilKqzUA2NPeq0mO_GnZMzIogkp1dhMa","","","https://drive.google.com/file/d/1vilKqzUA2NPeq0mO_GnZMzIogkp1dhMa/view"
"videoUrl","1QPTTjkz5oiVb5UrCVTfco5Qko7_8OsFU","","","https://drive.google.com/file/d/1QPTTjkz5oiVb5UrCVTfco5Qko7_8OsFU/view"
"slideUrl","1rtkPULqhDQ2E-qhTnEGn4rt5155nWrhK","","","https://drive.google.com/file/d/1rtkPULqhDQ2E-qhTnEGn4rt5155nWrhK/view"
"videoUrl","16HsIs6dI626JsuvZD5ZEQLHJnmvU0GJ-","","","https://drive.google.com/file/d/16HsIs6dI626JsuvZD5ZEQLHJnmvU0GJ-/view"
"slideUrl","13UThPkeFY8VtmJTwiKgBNgH9DG7bIce2","","","https://drive.google.com/file/d/13UThPkeFY8VtmJTwiKgBNgH9DG7bIce2/view"
"videoUrl","1XcCLTSt9LZQF6PL973Riy5x_aZF2iK-d","","","https://drive.google.com/file/d/1XcCLTSt9LZQF6PL973Riy5x_aZF2iK-d/view"
"slideUrl","1mqGhmzqefi_ihFBoATFmxwadouHyyUd4","","","https://drive.google.com/file/d/1mqGhmzqefi_ihFBoATFmxwadouHyyUd4/view"
"videoUrl","1kUKabi3_YbwC5HY_eeTstEpRxR9ZEjW2","","","https://drive.google.com/file/d/1kUKabi3_YbwC5HY_eeTstEpRxR9ZEjW2/view"
"slideUrl","1O5Lte5Yven_29pEekfbkbK6yFEGpzL9M","","","https://drive.google.com/file/d/1O5Lte5Yven_29pEekfbkbK6yFEGpzL9M/view"
"videoUrl","1HnzvGY-zvS61E6HiEgExjLrXmLGC8i2h","","","https://drive.google.com/file/d/1HnzvGY-zvS61E6HiEgExjLrXmLGC8i2h/view"
"slideUrl","1qDiPfiahg7zolEiPjbP8SEb0AthDU5ps","","","https://drive.google.com/file/d/1qDiPfiahg7zolEiPjbP8SEb0AthDU5ps/view"
"videoUrl","1o0IPDUUAfKV5ad379uBxnMHByWBt4UV1","","","https://drive.google.com/file/d/1o0IPDUUAfKV5ad379uBxnMHByWBt4UV1/view"
"slideUrl","1Wdz3g5UjCXu0MnvAtVu4dE-nhnZEqW5G","","","https://drive.google.com/file/d/1Wdz3g5UjCXu0MnvAtVu4dE-nhnZEqW5G/view"
"videoUrl","1sfmHxjzGgAEE01s9jqOZKxkL36HDu9e3","","","https://drive.google.com/file/d/1sfmHxjzGgAEE01s9jqOZKxkL36HDu9e3/view"
"slideUrl","1b5xkAoFGCj_hCIgALiQMayXyAUyeWuX9","","","https://drive.google.com/file/d/1b5xkAoFGCj_hCIgALiQMayXyAUyeWuX9/view"
"videoUrl","1atFeuZAk297NuN6I_Y9GHU9kgJ05Cw1q","","","https://drive.google.com/file/d/1atFeuZAk297NuN6I_Y9GHU9kgJ05Cw1q/view"
"slideUrl","11D0G-Jjz8MOPhoHKhV5uXmEGLlUa4dq1","","","https://drive.google.com/file/d/11D0G-Jjz8MOPhoHKhV5uXmEGLlUa4dq1/view"
"videoUrl","136qTyiOX3IwA8PRzF1_shqkS2B8NxZKH","","","https://drive.google.com/file/d/136qTyiOX3IwA8PRzF1_shqkS2B8NxZKH/view"
"slideUrl","1UaSjoXu9zaNOcDxH0LelgEWFNXuCglce","","","https://drive.google.com/file/d/1UaSjoXu9zaNOcDxH0LelgEWFNXuCglce/view"
"videoUrl","1XBmepCRmel0muJpWAPDgzPehr1tvCEat","","","https://drive.google.com/file/d/1XBmepCRmel0muJpWAPDgzPehr1tvCEat/view"
"slideUrl","1B-OAtwGVUNXMXHe5OuTIpaaHV8NenacL","","","https://drive.google.com/file/d/1B-OAtwGVUNXMXHe5OuTIpaaHV8NenacL/view"
"videoUrl","1YNXJ2gF8VSJNWo763lYiFXjEnZvNnQSn","","","https://drive.google.com/file/d/1YNXJ2gF8VSJNWo763lYiFXjEnZvNnQSn/view"
"slideUrl","1vn7_iVrBAv-EoDVpFW7Jio4sb2f5cW0o","","","https://drive.google.com/file/d/1vn7_iVrBAv-EoDVpFW7Jio4sb2f5cW0o/view"
"videoUrl","1ZZAoJPkyQv5BJJUD3xylwwIMz_FFV05t","","","https://drive.google.com/file/d/1ZZAoJPkyQv5BJJUD3xylwwIMz_FFV05t/view"
"slideUrl","1l5jB-WjnAy8zWFacAyYMAieJcFrPaZez","","","https://drive.google.com/file/d/1l5jB-WjnAy8zWFacAyYMAieJcFrPaZez/view"
"videoUrl","1jYHJ4qHfMxL_n_4b21n2nZj1PSupd2QA","","","https://drive.google.com/file/d/1jYHJ4qHfMxL_n_4b21n2nZj1PSupd2QA/view"
"slideUrl","1ypi_A7kPZAlNH6TJmYDtHmmDMAB6PYat","","","https://drive.google.com/file/d/1ypi_A7kPZAlNH6TJmYDtHmmDMAB6PYat/view"
"videoUrl","1Zc2gSoFCFFye6C53uQUng18hj0tG94nl","","","https://drive.google.com/file/d/1Zc2gSoFCFFye6C53uQUng18hj0tG94nl/view"
"slideUrl","1iZmdeuI4fhOQGWNtI_5BCyN6IuRpfRT2","","","https://drive.google.com/file/d/1iZmdeuI4fhOQGWNtI_5BCyN6IuRpfRT2/view"
"videoUrl","1FuktK3o0NgTxZjsqQW959c5GrqLO_np1","","","https://drive.google.com/file/d/1FuktK3o0NgTxZjsqQW959c5GrqLO_np1/view"
"slideUrl","1UN8cgQNlpgPOoEUENpzis1_6KA270jGb","","","https://drive.google.com/file/d/1UN8cgQNlpgPOoEUENpzis1_6KA270jGb/view"
"videoUrl","1GOrU880VqzIN1jn9JYx81ZH0hge2Hn5J","","","https://drive.google.com/file/d/1GOrU880VqzIN1jn9JYx81ZH0hge2Hn5J/view"
"slideUrl","1ffj30TZvNFqvm0madN77Rt1sLgW35Ad2","","","https://drive.google.com/file/d/1ffj30TZvNFqvm0madN77Rt1sLgW35Ad2/view"
"videoUrl","1w_EmmwelJl_FpNRScRglVqxCvEbxPa1U","","","https://drive.google.com/file/d/1w_EmmwelJl_FpNRScRglVqxCvEbxPa1U/view"
"slideUrl","1lYVTAALSOFrEkHRbTcEAtiRfVfuynN7h","","","https://drive.google.com/file/d/1lYVTAALSOFrEkHRbTcEAtiRfVfuynN7h/view"
"videoUrl","1lDhGxdANlMRKwP9qn7HyHYiqO-gwW6Yw","","","https://drive.google.com/file/d/1lDhGxdANlMRKwP9qn7HyHYiqO-gwW6Yw/view"
"slideUrl","1t6aqyEtwz28eB5-wRmeTSJsxPLnMzGWW","","","https://drive.google.com/file/d/1t6aqyEtwz28eB5-wRmeTSJsxPLnMzGWW/view"
"videoUrl","12qhgMWiDvsXLqeg0XsedFKDyFr3GU__a","","","https://drive.google.com/file/d/12qhgMWiDvsXLqeg0XsedFKDyFr3GU__a/view"
"slideUrl","1o-GC2WOGSoeexZ1ZdrOqfu2fjpzAmLsn","","","https://drive.google.com/file/d/1o-GC2WOGSoeexZ1ZdrOqfu2fjpzAmLsn/view"
"videoUrl","1v_2wUqKop2zmZ12ypXqLU4tzftusTzJY","","","https://drive.google.com/file/d/1v_2wUqKop2zmZ12ypXqLU4tzftusTzJY/view"
"slideUrl","1jq-gpVd0Yi818bO98gpbOsdgzzkmur4w","","","https://drive.google.com/file/d/1jq-gpVd0Yi818bO98gpbOsdgzzkmur4w/view"
"videoUrl","177lQ0J9j5wms0JKW0deggDdaVGtBMS3z","","","https://drive.google.com/file/d/177lQ0J9j5wms0JKW0deggDdaVGtBMS3z/view"
"slideUrl","1e5IkYjWis3AzCShqecUMPyizzctJlgeh","","","https://drive.google.com/file/d/1e5IkYjWis3AzCShqecUMPyizzctJlgeh/view"
"videoUrl","122-abneAE384iKBmW5PaoJ46X1qhumKn","","","https://drive.google.com/file/d/122-abneAE384iKBmW5PaoJ46X1qhumKn/view"
"slideUrl","19u9sBpWDvx0o3EyksN1wQy6bdsXg4Q_I","","","https://drive.google.com/file/d/19u9sBpWDvx0o3EyksN1wQy6bdsXg4Q_I/view"
"videoUrl","1gFjZKdPJdyeONc9TAuJYS694Dv0_AEmd","","","https://drive.google.com/file/d/1gFjZKdPJdyeONc9TAuJYS694Dv0_AEmd/view"
"slideUrl","18eVVrK-cx21wy5YxiVuMdSzx8_9QP6wt","","","https://drive.google.com/file/d/18eVVrK-cx21wy5YxiVuMdSzx8_9QP6wt/view"
"videoUrl","1N3tqiWOclkqkzFCh8FkQMF4o65exFD63","","","https://drive.google.com/file/d/1N3tqiWOclkqkzFCh8FkQMF4o65exFD63/view"
"slideUrl","1ve5WVd0nZXitoPqmvMIN-eWo4d6iFITy","","","https://drive.google.com/file/d/1ve5WVd0nZXitoPqmvMIN-eWo4d6iFITy/view"
"videoUrl","19_zqGi8wM9hQf6eg4qx810iLyKJsmF_y","","","https://drive.google.com/file/d/19_zqGi8wM9hQf6eg4qx810iLyKJsmF_y/view"
"slideUrl","1jBeQyUNlEvQs8MCuVS1ePAR2k-buuKMm","","","https://drive.google.com/file/d/1jBeQyUNlEvQs8MCuVS1ePAR2k-buuKMm/view"
"videoUrl","1VrlGY_zhOgoy-nHUdWcOxurEhOdfRIj2","","","https://drive.google.com/file/d/1VrlGY_zhOgoy-nHUdWcOxurEhOdfRIj2/view"
"slideUrl","1Kh3P0NqF5gCWjIWerj0-idvMIov07fXh","","","https://drive.google.com/file/d/1Kh3P0NqF5gCWjIWerj0-idvMIov07fXh/view"
"videoUrl","1wiMPtHc3TqfIKXGiKkQBYdFmLjEynGGm","","","https://drive.google.com/file/d/1wiMPtHc3TqfIKXGiKkQBYdFmLjEynGGm/view"
"slideUrl","1JJ378K4DshhH5DMypLg500n_0oLtMJeO","","","https://drive.google.com/file/d/1JJ378K4DshhH5DMypLg500n_0oLtMJeO/view"
"videoUrl","1UiWlN-loutEn3EjDhNe0Vilwa90sb1v1","","","https://drive.google.com/file/d/1UiWlN-loutEn3EjDhNe0Vilwa90sb1v1/view"
"slideUrl","1eMsABeW68N6oIAgYB5rL4bLFsCHIYUg2","","","https://drive.google.com/file/d/1eMsABeW68N6oIAgYB5rL4bLFsCHIYUg2/view"
"videoUrl","1RhQoLxrU8hBxCCFpIiQUEJjyc_C4GvN-","","","https://drive.google.com/file/d/1RhQoLxrU8hBxCCFpIiQUEJjyc_C4GvN-/view"
"slideUrl","1vQUCwkSZkF93q6gqI7Jd3UvIxCc5UOS5","","","https://drive.google.com/file/d/1vQUCwkSZkF93q6gqI7Jd3UvIxCc5UOS5/view"
"videoUrl","1ILkGZH715vD1UvFHQqJ5uc3ffUMuB3Z0","","","https://drive.google.com/file/d/1ILkGZH715vD1UvFHQqJ5uc3ffUMuB3Z0/view"
"slideUrl","1uCDWRdvV3XueWQwUqtPZYIPGRCBZz7Y6","","","https://drive.google.com/file/d/1uCDWRdvV3XueWQwUqtPZYIPGRCBZz7Y6/view"
"videoUrl","11rnBgunospfUcuJYs4I9USe5JsUSNrrM","","","https://drive.google.com/file/d/11rnBgunospfUcuJYs4I9USe5JsUSNrrM/view"
"slideUrl","1lHT0_aTm7NAjsUjZJ3dNJtFIYO01UQB8","","","https://drive.google.com/file/d/1lHT0_aTm7NAjsUjZJ3dNJtFIYO01UQB8/view"
"videoUrl","1oJHspp6B6DzUkl5cWJWoTW-UQCA5cZTU","","","https://drive.google.com/file/d/1oJHspp6B6DzUkl5cWJWoTW-UQCA5cZTU/view"
"slideUrl","13qFGgaK8qFw9m_a6kCnA5iNQP_q_CNFx","","","https://drive.google.com/file/d/13qFGgaK8qFw9m_a6kCnA5iNQP_q_CNFx/view"
"videoUrl","1VxBJoSor5QQyBOzmTNTSrbHMgyndzQbp","","","https://drive.google.com/file/d/1VxBJoSor5QQyBOzmTNTSrbHMgyndzQbp/view"
"slideUrl","1HYsIP-LZdi1ZfYp5s9cBMonWHgtCgL8K","","","https://drive.google.com/file/d/1HYsIP-LZdi1ZfYp5s9cBMonWHgtCgL8K/view"
"videoUrl","1oeRC5MswBz1z4bn_tiJnvhpqP_W49jhb","","","https://drive.google.com/file/d/1oeRC5MswBz1z4bn_tiJnvhpqP_W49jhb/view"
"slideUrl","1wZWxpLPb5LFGqf9gUoaG-IsSEmQZV5S9","","","https://drive.google.com/file/d/1wZWxpLPb5LFGqf9gUoaG-IsSEmQZV5S9/view"
"videoUrl","1j53FblkRyUPjmFONP_40nDHQ28-gc17c","","","https://drive.google.com/file/d/1j53FblkRyUPjmFONP_40nDHQ28-gc17c/view"
"slideUrl","1hYT5_RfQDmgntHxTk24fzHceYCAuLi-7","","","https://drive.google.com/file/d/1hYT5_RfQDmgntHxTk24fzHceYCAuLi-7/view"
"videoUrl","1yw5FRhebwbjudi2KocHc_we7bTkDjoYD","","","https://drive.google.com/file/d/1yw5FRhebwbjudi2KocHc_we7bTkDjoYD/view"
"slideUrl","1LiagVKZyCy3Zrrvkf_PSLtAZUJNT33j4","","","https://drive.google.com/file/d/1LiagVKZyCy3Zrrvkf_PSLtAZUJNT33j4/view"
"videoUrl","1I5_Ru8kkE5zCO3Wht_1fWf7F7z2pf604","","","https://drive.google.com/file/d/1I5_Ru8kkE5zCO3Wht_1fWf7F7z2pf604/view"
"slideUrl","1ze8bRZxUw5CXyJzDHLZq4Gow9s6vxEgM","","","https://drive.google.com/file/d/1ze8bRZxUw5CXyJzDHLZq4Gow9s6vxEgM/view"
"videoUrl","1ntmj0uof_Ou_3ELKHKuv64XTa06UT7R1","","","https://drive.google.com/file/d/1ntmj0uof_Ou_3ELKHKuv64XTa06UT7R1/view"
"slideUrl","1MUn0D83J6ubQ25xnYqgTCwKadTzVhrrr","","","https://drive.google.com/file/d/1MUn0D83J6ubQ25xnYqgTCwKadTzVhrrr/view"
"videoUrl","12xNWPrTP5Ia0kJlo_d8ylAvY9Ph4c9K1","","","https://drive.google.com/file/d/12xNWPrTP5Ia0kJlo_d8ylAvY9Ph4c9K1/view"
"slideUrl","1cE29-gjlfEWflPVxuUSp-EpJwaE4YJIr","","","https://drive.google.com/file/d/1cE29-gjlfEWflPVxuUSp-EpJwaE4YJIr/view"
"videoUrl","1ano05SfnMxeYILOMF6ixCfBLQsMLbAlA","","","https://drive.google.com/file/d/1ano05SfnMxeYILOMF6ixCfBLQsMLbAlA/view"
"slideUrl","1cSUuWalpT4LHOH83Lb8U289UJgbgwc40","","","https://drive.google.com/file/d/1cSUuWalpT4LHOH83Lb8U289UJgbgwc40/view"
"videoUrl","10EIZsYJL60MQZjKTGO1Pw9NtosCm2VlB","","","https://drive.google.com/file/d/10EIZsYJL60MQZjKTGO1Pw9NtosCm2VlB/view"
"slideUrl","1aaINWkF4xAvDZdn6e2nNxbczh1psfKbP","","","https://drive.google.com/file/d/1aaINWkF4xAvDZdn6e2nNxbczh1psfKbP/view"
"videoUrl","1x_BI3A_5yAQlV6zpdy16_VyDJkC6jezd","","","https://drive.google.com/file/d/1x_BI3A_5yAQlV6zpdy16_VyDJkC6jezd/view"
"slideUrl","1sLdXAdIQ30Q-w66Dqxt0ugRfGdmaMfpe","","","https://drive.google.com/file/d/1sLdXAdIQ30Q-w66Dqxt0ugRfGdmaMfpe/view"
"videoUrl","1X4l6T5t1v4pitsKkfbb4DZdR1IwudJ3P","","","https://drive.google.com/file/d/1X4l6T5t1v4pitsKkfbb4DZdR1IwudJ3P/view"
"slideUrl","1G5b5NGmJU_-fpwiVAud2G6OkI2Zn7cin","","","https://drive.google.com/file/d/1G5b5NGmJU_-fpwiVAud2G6OkI2Zn7cin/view"
"videoUrl","1WcQCPzJPJDTQ4uNmkNR6B-4tccLlOkMt","","","https://drive.google.com/file/d/1WcQCPzJPJDTQ4uNmkNR6B-4tccLlOkMt/view"
"slideUrl","14ePnaP2J2bXQkr2rnYr0zMO78TklDoau","","","https://drive.google.com/file/d/14ePnaP2J2bXQkr2rnYr0zMO78TklDoau/view"
"videoUrl","1JIPK--E3lWgNhPm1mXiablPWCr3by54m","","","https://drive.google.com/file/d/1JIPK--E3lWgNhPm1mXiablPWCr3by54m/view"
"slideUrl","14Q4NsGQMElM75bayWb_cvZyNhzoHODCT","","","https://drive.google.com/file/d/14Q4NsGQMElM75bayWb_cvZyNhzoHODCT/view"
"videoUrl","1OPyREraUi7ZLyp4RLfMbxeMBBE8wJhp8","","","https://drive.google.com/file/d/1OPyREraUi7ZLyp4RLfMbxeMBBE8wJhp8/view"
"slideUrl","1rfrjTFMkl3szHD2-Ku09FxrPLAA6v-xo","","","https://drive.google.com/file/d/1rfrjTFMkl3szHD2-Ku09FxrPLAA6v-xo/view"
"videoUrl","1n7EqJUQ5GGYMX9iV2wGDTyXJ7Srkwfxy","","","https://drive.google.com/file/d/1n7EqJUQ5GGYMX9iV2wGDTyXJ7Srkwfxy/view"
"slideUrl","1GmIfDNB2tY-ZErrZ9SIf3vF9Sx_CK581","","","https://drive.google.com/file/d/1GmIfDNB2tY-ZErrZ9SIf3vF9Sx_CK581/view"
"videoUrl","1VqKxlAbk9uDGldj_zzh5fPKQPps9AoMb","","","https://drive.google.com/file/d/1VqKxlAbk9uDGldj_zzh5fPKQPps9AoMb/view"
"slideUrl","1B09dSboJTVlzwLXte7u7nKBuFFkH6eYl","","","https://drive.google.com/file/d/1B09dSboJTVlzwLXte7u7nKBuFFkH6eYl/view"
"videoUrl","1SH0rhphkov1a8_R7vCg4G7bNmCNLDImJ","","","https://drive.google.com/file/d/1SH0rhphkov1a8_R7vCg4G7bNmCNLDImJ/view"
"slideUrl","10ehgvON_IvDXrogsWDcuLHZsZP68Rdhy","","","https://drive.google.com/file/d/10ehgvON_IvDXrogsWDcuLHZsZP68Rdhy/view"
"videoUrl","1soG_vPTtPbxWvb7WAyBnhsN3ogmgs50w","","","https://drive.google.com/file/d/1soG_vPTtPbxWvb7WAyBnhsN3ogmgs50w/view"
"slideUrl","12IIDV3iq3YsFkfOx2GzfaiDMpBWoItFr","","","https://drive.google.com/file/d/12IIDV3iq3YsFkfOx2GzfaiDMpBWoItFr/view"
"videoUrl","1jVfmfgwSbt_Qb1U3Ap1ChFSxQScrY9vZ","","","https://drive.google.com/file/d/1jVfmfgwSbt_Qb1U3Ap1ChFSxQScrY9vZ/view"
"slideUrl","1V2yfu2uJ2w0-9evrf-p-4iGOH_4H9gjQ","","","https://drive.google.com/file/d/1V2yfu2uJ2w0-9evrf-p-4iGOH_4H9gjQ/view"
"videoUrl","1a_klDxFlwSqTK55aKlvxYqBkV3howdFZ","","","https://drive.google.com/file/d/1a_klDxFlwSqTK55aKlvxYqBkV3howdFZ/view"
"slideUrl","1z3myVMrSy5pNwHiBFX_k-wXsVFqLETZZ","","","https://drive.google.com/file/d/1z3myVMrSy5pNwHiBFX_k-wXsVFqLETZZ/view"
"videoUrl","1jBDwDRVDErR8FKLIeeWfdpvS5rDWk7hX","","","https://drive.google.com/file/d/1jBDwDRVDErR8FKLIeeWfdpvS5rDWk7hX/view"
"slideUrl","1EYfk7k-nzlVzNrKvmqBMrs-Wmoby_LL0","","","https://docs.google.com/presentation/d/1EYfk7k-nzlVzNrKvmqBMrs-Wmoby_LL0/edit"
"videoUrl","1NldVP72O0BOrm0zssTate1lC_pOxREk3","","","https://drive.google.com/file/d/1NldVP72O0BOrm0zssTate1lC_pOxREk3/view"
"slideUrl","1WZ_rLic9aFUYVRkKuri7WWU7ygvtuVAD","","","https://docs.google.com/presentation/d/1WZ_rLic9aFUYVRkKuri7WWU7ygvtuVAD/edit"
"videoUrl","15yYmrQe2To_69XH8kt_yJmrk6_eaFtYH","","","https://drive.google.com/file/d/15yYmrQe2To_69XH8kt_yJmrk6_eaFtYH/view"
"slideUrl","1ZDOoSQV6GA1jab-kYKu-AM-OqZuPxxyS","","","https://docs.google.com/presentation/d/1ZDOoSQV6GA1jab-kYKu-AM-OqZuPxxyS/edit"
"videoUrl","1hssooSGYeTZO4QeoJsQH0pXmashy1pmx","","","https://drive.google.com/file/d/1hssooSGYeTZO4QeoJsQH0pXmashy1pmx/view"
"slideUrl","1orkj9yIjYVWWa7O4ltNy-sRCZZK_Yl7H","","","https://docs.google.com/presentation/d/1orkj9yIjYVWWa7O4ltNy-sRCZZK_Yl7H/edit"
"videoUrl","1ozKz_X_D5Z_OEcP-dGMVeyzUK2EgTkYL","","","https://drive.google.com/file/d/1ozKz_X_D5Z_OEcP-dGMVeyzUK2EgTkYL/view"
"slideUrl","1eYbWOSlpj1XyduF-YmnDG8PTAv2aL-Ys","","","https://docs.google.com/presentation/d/1eYbWOSlpj1XyduF-YmnDG8PTAv2aL-Ys/edit"
"videoUrl","1VY2Th6PjkAaUY2Fe11D64w7Z0ZFdAZ1k","","","https://drive.google.com/file/d/1VY2Th6PjkAaUY2Fe11D64w7Z0ZFdAZ1k/view"
"slideUrl","1Op19CgZHdScisIyOFzic77EQ_1Q0V3qZ","","","https://docs.google.com/presentation/d/1Op19CgZHdScisIyOFzic77EQ_1Q0V3qZ/edit"
"videoUrl","1CY3Wv39DQfKAJVW3jXxoZ1tGt10RPw04","","","https://drive.google.com/file/d/1CY3Wv39DQfKAJVW3jXxoZ1tGt10RPw04/view"
"slideUrl","1NNhWDspltgsnGLlvB4EsnfwZKhHSsxDb","","","https://docs.google.com/presentation/d/1NNhWDspltgsnGLlvB4EsnfwZKhHSsxDb/edit"
"videoUrl","1lrhALwMWshC9WSBQlj1qhuUTIz1jAlXC","","","https://drive.google.com/file/d/1lrhALwMWshC9WSBQlj1qhuUTIz1jAlXC/view"
"slideUrl","165jnldXs_NqZif9cfZEghXLyTrNiaN9S","","","https://docs.google.com/presentation/d/165jnldXs_NqZif9cfZEghXLyTrNiaN9S/edit"
"videoUrl","1GMPxgSVeS4UeSl4KUSL8YRvtZaH0PGFN","","","https://drive.google.com/file/d/1GMPxgSVeS4UeSl4KUSL8YRvtZaH0PGFN/view"
"slideUrl","1ldpoA2AovV328zxrV4l1vutC7XaMqm7L","","","https://docs.google.com/presentation/d/1ldpoA2AovV328zxrV4l1vutC7XaMqm7L/edit"
"videoUrl","1mzzXo356-cjyWUYv5v92aVeFlAcbYwIY","","","https://drive.google.com/file/d/1mzzXo356-cjyWUYv5v92aVeFlAcbYwIY/view"
"slideUrl","1lmLcVf-ATkAXj1UM9oUJ9c2nI6ttes7Y","","","https://docs.google.com/presentation/d/1lmLcVf-ATkAXj1UM9oUJ9c2nI6ttes7Y/edit"
"videoUrl","1D3AokeclJUfvxhBIInkkS5qKyY06_fjW","","","https://drive.google.com/file/d/1D3AokeclJUfvxhBIInkkS5qKyY06_fjW/view"
"slideUrl","1HIWdboPVjQ__DKOPgSOQngD74K9hU6tH","","","https://docs.google.com/presentation/d/1HIWdboPVjQ__DKOPgSOQngD74K9hU6tH/edit"
"videoUrl","1dFHF45FV6DDaajA5YwEY9S2TF5v0Lb4c","","","https://drive.google.com/file/d/1dFHF45FV6DDaajA5YwEY9S2TF5v0Lb4c/view"
"slideUrl","1o1NOKVaH7QeqbRZa-4YRaNIXkNdg4tYV","","","https://docs.google.com/presentation/d/1o1NOKVaH7QeqbRZa-4YRaNIXkNdg4tYV/edit"
"videoUrl","1N9I3Zkmo7O_9CANl6JgMseyLACbn7QxO","","","https://drive.google.com/file/d/1N9I3Zkmo7O_9CANl6JgMseyLACbn7QxO/view"
"slideUrl","1bulcSfUqHwW64ULkCFbFrRRjCc3dRzsT","","","https://docs.google.com/presentation/d/1bulcSfUqHwW64ULkCFbFrRRjCc3dRzsT/edit"
"videoUrl","1-kLYlkxHnchLHw5RKPTJvsBE2Wxq2qlf","","","https://drive.google.com/file/d/1-kLYlkxHnchLHw5RKPTJvsBE2Wxq2qlf/view"
"slideUrl","1hPfA08Yfp78KWnv2HOtlbkFcrE-SoG6P","","","https://docs.google.com/presentation/d/1hPfA08Yfp78KWnv2HOtlbkFcrE-SoG6P/edit"
"videoUrl","1xFY-dy4zX0oBjB9x7l6e8DxyH2hjovgj","","","https://drive.google.com/file/d/1xFY-dy4zX0oBjB9x7l6e8DxyH2hjovgj/view"
"slideUrl","1mDB1MsGCzc9nLkf9wbRBmyNeALo_80JH","","","https://docs.google.com/presentation/d/1mDB1MsGCzc9nLkf9wbRBmyNeALo_80JH/edit"
"videoUrl","1vPAhebDEpzEZlXECLxNphrroCYUGH5zP","","","https://drive.google.com/file/d/1vPAhebDEpzEZlXECLxNphrroCYUGH5zP/view"
"slideUrl","15QWCk8w1mabMAQssb2bDdYO85P6Y69q1","","","https://docs.google.com/presentation/d/15QWCk8w1mabMAQssb2bDdYO85P6Y69q1/edit"
"videoUrl","1aqtBYW7cgkKyWuKHCV01vhbKZ2l_VQkL","","","https://drive.google.com/file/d/1aqtBYW7cgkKyWuKHCV01vhbKZ2l_VQkL/view"
"slideUrl","1PldvVgIon0hIxUhNjVG1K0NAqHonKJ5M","","","https://docs.google.com/presentation/d/1PldvVgIon0hIxUhNjVG1K0NAqHonKJ5M/edit"
"videoUrl","1hK3nVe1xFrYC3r_C6bYjJPsceK9311DC","","","https://drive.google.com/file/d/1hK3nVe1xFrYC3r_C6bYjJPsceK9311DC/view"
"slideUrl","1zdjnpQwlvrVHVDPgrWsmD88MWFxNFXT6","","","https://docs.google.com/presentation/d/1zdjnpQwlvrVHVDPgrWsmD88MWFxNFXT6/edit"
"videoUrl","1FsalHg3PiOdrCZsyzeNHLZA717OnCQcJ","","","https://drive.google.com/file/d/1FsalHg3PiOdrCZsyzeNHLZA717OnCQcJ/view"
"slideUrl","1VuzsYMIXKN2npJrYCq5Mgl_116LP1mr1","","","https://docs.google.com/presentation/d/1VuzsYMIXKN2npJrYCq5Mgl_116LP1mr1/edit"
"videoUrl","1DOT2mFcq6Z0-2nuWfmS3dbgtqv1nuqx7","","","https://drive.google.com/file/d/1DOT2mFcq6Z0-2nuWfmS3dbgtqv1nuqx7/view"
"slideUrl","1ITfHl5ZhJlJ08vnTPAfg1jNjd6EhQWDk","","","https://docs.google.com/presentation/d/1ITfHl5ZhJlJ08vnTPAfg1jNjd6EhQWDk/edit"
"videoUrl","1EQxTcbJ8TaxaWJ6Yz-N1LONtnjsi2Z2B","","","https://drive.google.com/file/d/1EQxTcbJ8TaxaWJ6Yz-N1LONtnjsi2Z2B/view"
"slideUrl","1XdqrH6WLQXyEGEw6s_XOEfPWei2jEKC8","","","https://docs.google.com/presentation/d/1XdqrH6WLQXyEGEw6s_XOEfPWei2jEKC8/edit"
"videoUrl","1vHoBmeFvPNB-DgKg71NEMs9UtGPTy0-8","","","https://drive.google.com/file/d/1vHoBmeFvPNB-DgKg71NEMs9UtGPTy0-8/view"
"slideUrl","18vyNp-cjAMEAidxwXp2zaPEOFEbr-yuT","","","https://docs.google.com/presentation/d/18vyNp-cjAMEAidxwXp2zaPEOFEbr-yuT/edit"
"videoUrl","1StM4JtoQsen3HyjwriT7aKAER4ZWy-bk","","","https://drive.google.com/file/d/1StM4JtoQsen3HyjwriT7aKAER4ZWy-bk/view"
"slideUrl","1SXgtMVjODWmAhXqr1B6oPgx-wR2OmDE-","","","https://docs.google.com/presentation/d/1SXgtMVjODWmAhXqr1B6oPgx-wR2OmDE-/edit"
"videoUrl","19DuVqx9qaMa6DWYPktuqxmNj3sbSOt3c","","","https://drive.google.com/file/d/19DuVqx9qaMa6DWYPktuqxmNj3sbSOt3c/view"
"slideUrl","1CAaOIKwb2UAGXk1PQpkn_XNPbtzV0zgv","","","https://docs.google.com/presentation/d/1CAaOIKwb2UAGXk1PQpkn_XNPbtzV0zgv/edit"
"videoUrl","1XJJW34P8OMmuIPrOBSlinEd-gHCIVkF8","","","https://drive.google.com/file/d/1XJJW34P8OMmuIPrOBSlinEd-gHCIVkF8/view"
"slideUrl","16qv9DEnc8CB8RAN816IxJxCVqm6kmIR4","","","https://docs.google.com/presentation/d/16qv9DEnc8CB8RAN816IxJxCVqm6kmIR4/edit"
"videoUrl","1f-or0L11O8ZkXVfpmc7xbcteuKN6ZeEL","","","https://drive.google.com/file/d/1f-or0L11O8ZkXVfpmc7xbcteuKN6ZeEL/view"
"slideUrl","1-8fc5Bdhi3eGkdXIbKdcDOa00GYReDLX","","","https://docs.google.com/presentation/d/1-8fc5Bdhi3eGkdXIbKdcDOa00GYReDLX/edit"
"videoUrl","180eLN1ofe6BOiOxk2lwrxlRZUsrXEghH","","","https://drive.google.com/file/d/180eLN1ofe6BOiOxk2lwrxlRZUsrXEghH/view"
"slideUrl","16N0-jSuwy1cCsXlePHpjrq3BtdyoxATE","","","https://docs.google.com/presentation/d/16N0-jSuwy1cCsXlePHpjrq3BtdyoxATE/edit"
"videoUrl","13mZa50WQ9CJAZHbqySMowvT5glJNHP3v","","","https://drive.google.com/file/d/13mZa50WQ9CJAZHbqySMowvT5glJNHP3v/view"
"slideUrl","17pYo8fZZUTR0C3kWoHEo-49YkjNOmRm1","","","https://docs.google.com/presentation/d/17pYo8fZZUTR0C3kWoHEo-49YkjNOmRm1/edit"
"videoUrl","16VoZM9qH_3rwbPdHhYVDJqfvrQYQevF7","","","https://drive.google.com/file/d/16VoZM9qH_3rwbPdHhYVDJqfvrQYQevF7/view"
"slideUrl","1DHAO2_hT3bdvQp4w5q40IPsUWJUGeRXV","","","https://docs.google.com/presentation/d/1DHAO2_hT3bdvQp4w5q40IPsUWJUGeRXV/edit"
"videoUrl","11QMkYrZmUr7zTNR9k1i67grkvUG8uEyw","","","https://drive.google.com/file/d/11QMkYrZmUr7zTNR9k1i67grkvUG8uEyw/view"
"slideUrl","1V84l6P3MgcbGAkCgKyYOAU-NTcOJUaFa","","","https://docs.google.com/presentation/d/1V84l6P3MgcbGAkCgKyYOAU-NTcOJUaFa/edit"
"videoUrl","1aUVjbKe90FyGhqPVLeHUXUAHs4RbCmnH","","","https://drive.google.com/file/d/1aUVjbKe90FyGhqPVLeHUXUAHs4RbCmnH/view"
"slideUrl","1ZG605LEECEq4tsUAILpd6N03D1kllVzI","","","https://docs.google.com/presentation/d/1ZG605LEECEq4tsUAILpd6N03D1kllVzI/edit"
"videoUrl","1hhNKmuW7RGDqvFdZkQ-Bpaizm1kPr5nq","","","https://drive.google.com/file/d/1hhNKmuW7RGDqvFdZkQ-Bpaizm1kPr5nq/view"
"slideUrl","1_V_gLZnJeDOuN1VyzJlXgUdGaiYkJb66","","","https://docs.google.com/presentation/d/1_V_gLZnJeDOuN1VyzJlXgUdGaiYkJb66/edit"
"videoUrl","1SnapDgXtMc-omNPOMymp3ahHe6AKwRGH","","","https://drive.google.com/file/d/1SnapDgXtMc-omNPOMymp3ahHe6AKwRGH/view"
"slideUrl","183VOkw0UWaTS3Js3ELMp2cV6PNNDs8FF","","","https://docs.google.com/presentation/d/183VOkw0UWaTS3Js3ELMp2cV6PNNDs8FF/edit"
"videoUrl","1wihaf0W9cJe62DDWyckqXFjGXbNa9maB","","","https://drive.google.com/file/d/1wihaf0W9cJe62DDWyckqXFjGXbNa9maB/view"
"slideUrl","1Phdwxy1qOLkXTT-8no0ykKGfwlGBOzru","","","https://docs.google.com/presentation/d/1Phdwxy1qOLkXTT-8no0ykKGfwlGBOzru/edit"
"videoUrl","1O4ExS2cWI7ie8NZztT09o_YIfW4lDq8A","","","https://drive.google.com/file/d/1O4ExS2cWI7ie8NZztT09o_YIfW4lDq8A/view"
"slideUrl","13WEQGGugC_BU6b50d4zqDs-_kpZZUeUK","","","https://docs.google.com/presentation/d/13WEQGGugC_BU6b50d4zqDs-_kpZZUeUK/edit"
"videoUrl","1lGT8UY8Lkd7w92cCJciqwbVgSjeRxcVq","","","https://drive.google.com/file/d/1lGT8UY8Lkd7w92cCJciqwbVgSjeRxcVq/view"
"slideUrl","1yJepxEMymBseFAd6rOJhTVT16crploru","","","https://docs.google.com/presentation/d/1yJepxEMymBseFAd6rOJhTVT16crploru/edit"
"videoUrl","1qHA1vdH_yLiH_mr7G0ajk4pQJ1xvjwSO","","","https://drive.google.com/file/d/1qHA1vdH_yLiH_mr7G0ajk4pQJ1xvjwSO/view"
"slideUrl","1jxP8allVISUJtZLVIQ-bQfIEuosQA13z","","","https://docs.google.com/presentation/d/1jxP8allVISUJtZLVIQ-bQfIEuosQA13z/edit"
"videoUrl","14H_LsnRo9u5TIfftU2OTCAw2RCwrGOOQ","","","https://drive.google.com/file/d/14H_LsnRo9u5TIfftU2OTCAw2RCwrGOOQ/view"
"slideUrl","1khGTxlH1K5LD5rT4dfISsZLNUXUHY1sm","","","https://docs.google.com/presentation/d/1khGTxlH1K5LD5rT4dfISsZLNUXUHY1sm/edit"
"videoUrl","1K2VKZJlBwHAi6_cxS5bfzfi19uYfy2Hl","","","https://drive.google.com/file/d/1K2VKZJlBwHAi6_cxS5bfzfi19uYfy2Hl/view"
"slideUrl","1p1JzbFbSkehws67YfuitUAMP-_X7K6V6","","","https://docs.google.com/presentation/d/1p1JzbFbSkehws67YfuitUAMP-_X7K6V6/edit"
"videoUrl","1DeENar5_fFzvDdSDcgp7XlhbJM0WYtr9","","","https://drive.google.com/file/d/1DeENar5_fFzvDdSDcgp7XlhbJM0WYtr9/view"
"slideUrl","1XqsD4WOiiUkZ69-IaumNxSApWm6YXp2j","","","https://docs.google.com/presentation/d/1XqsD4WOiiUkZ69-IaumNxSApWm6YXp2j/edit"
"videoUrl","11PMhyHQ8MHKOHtzn8AoGWQOhYRqXJyin","","","https://drive.google.com/file/d/11PMhyHQ8MHKOHtzn8AoGWQOhYRqXJyin/view"
"slideUrl","16UKqk8M3NYX_cKxTts45MYu2YQN07vIh","","","https://docs.google.com/presentation/d/16UKqk8M3NYX_cKxTts45MYu2YQN07vIh/edit"
"videoUrl","1TE2QHYfs-dctVdn3UM2YklJJj1iduKxv","","","https://drive.google.com/file/d/1TE2QHYfs-dctVdn3UM2YklJJj1iduKxv/view"
"slideUrl","1NJSrgVb1I1IDdN15VKJZSmH6r7A7zQrl","","","https://docs.google.com/presentation/d/1NJSrgVb1I1IDdN15VKJZSmH6r7A7zQrl/edit"
"videoUrl","1sWnVnYTLby4B88ULAHABpHcsglfELO0X","","","https://drive.google.com/file/d/1sWnVnYTLby4B88ULAHABpHcsglfELO0X/view"
"slideUrl","1kVFWNsGrEURPKo3ZsLN1yRJtQpiUaxTh","","","https://docs.google.com/presentation/d/1kVFWNsGrEURPKo3ZsLN1yRJtQpiUaxTh/edit"
"videoUrl","1uCTXCz0qLqQImqcchh4SFZ-i8FbBKkt4","","","https://drive.google.com/file/d/1uCTXCz0qLqQImqcchh4SFZ-i8FbBKkt4/view"
"slideUrl","1rpMLoyWOkPCXAgDpEtXEBESTy5PxXhyC","","","https://docs.google.com/presentation/d/1rpMLoyWOkPCXAgDpEtXEBESTy5PxXhyC/edit"
"videoUrl","1H1vytMwo1v9lH92Epz--3fCyE3sTQcOM","","","https://drive.google.com/file/d/1H1vytMwo1v9lH92Epz--3fCyE3sTQcOM/view"
"slideUrl","15ZS_CY0K-jObn3-n9K5-r1X9ORGobrSb","","","https://docs.google.com/presentation/d/15ZS_CY0K-jObn3-n9K5-r1X9ORGobrSb/edit"
"videoUrl","1U28HQ_FaVoK43IF0h-1GaUySKLym7Pqg","","","https://drive.google.com/file/d/1U28HQ_FaVoK43IF0h-1GaUySKLym7Pqg/view"
"slideUrl","1Tr84uRQGmQlu-mWp4-2z_9dK0MmjC5k4","","","https://docs.google.com/presentation/d/1Tr84uRQGmQlu-mWp4-2z_9dK0MmjC5k4/edit"
"videoUrl","1jbS-DxRkj8-oaKifLKvzsoa8cauxao71","","","https://drive.google.com/file/d/1jbS-DxRkj8-oaKifLKvzsoa8cauxao71/view"
"slideUrl","14i7z4LI92uDL6648DfHzcluVl3B5L32O","","","https://docs.google.com/presentation/d/14i7z4LI92uDL6648DfHzcluVl3B5L32O/edit"
"videoUrl","16oSGTKs8XMBTA7XzJaM5FKNBpMOw9_cS","","","https://drive.google.com/file/d/16oSGTKs8XMBTA7XzJaM5FKNBpMOw9_cS/view"
"slideUrl","1UK3MMxCShG-D4g7fr4tXGWtYLNBl0mQR","","","https://docs.google.com/presentation/d/1UK3MMxCShG-D4g7fr4tXGWtYLNBl0mQR/edit"
"videoUrl","1tReKb_FEOut4RPw9EkWAoqcN6fbxwhpv","","","https://drive.google.com/file/d/1tReKb_FEOut4RPw9EkWAoqcN6fbxwhpv/view"
"slideUrl","1ufAU29ijG4zphVTPW3z0bAR_RDS6xa0S","","","https://docs.google.com/presentation/d/1ufAU29ijG4zphVTPW3z0bAR_RDS6xa0S/edit"
"videoUrl","1BMlrPJXRNWiFcnqvSVptSl4L9Fsg2j5O","","","https://drive.google.com/file/d/1BMlrPJXRNWiFcnqvSVptSl4L9Fsg2j5O/view"
"slideUrl","1W7o6WUuKwimo5l3eDnLsay7OBik0YYLo","","","https://docs.google.com/presentation/d/1W7o6WUuKwimo5l3eDnLsay7OBik0YYLo/edit"
"videoUrl","1gQYlk02wCvxcMKPMPBxMzBbEfOyvNnQY","","","https://drive.google.com/file/d/1gQYlk02wCvxcMKPMPBxMzBbEfOyvNnQY/view"
"slideUrl","1v12ViyHu2DvNUH_rBvS97Sz5YsYJmrgf","","","https://docs.google.com/presentation/d/1v12ViyHu2DvNUH_rBvS97Sz5YsYJmrgf/edit"
"videoUrl","1BI20KfaxmzAYGtHDECA4hTIuYjOiI8_-","","","https://drive.google.com/file/d/1BI20KfaxmzAYGtHDECA4hTIuYjOiI8_-/view"
"slideUrl","1thUVVQ9CiZsq9fxRR3dhpbnD8xejgv4Y","","","https://docs.google.com/presentation/d/1thUVVQ9CiZsq9fxRR3dhpbnD8xejgv4Y/edit"
"videoUrl","1kQFGSnDrpsxmNgy8KFnbSs-SpkVm7Mpz","","","https://drive.google.com/file/d/1kQFGSnDrpsxmNgy8KFnbSs-SpkVm7Mpz/view"
"slideUrl","1O7Z1zIGdIljP--OaA9blaGlRq5dYRCPm","","","https://docs.google.com/presentation/d/1O7Z1zIGdIljP--OaA9blaGlRq5dYRCPm/edit"
"videoUrl","1dBVHIUJ5CkruKnAZGXJm4qXSJDIFeTCk","","","https://drive.google.com/file/d/1dBVHIUJ5CkruKnAZGXJm4qXSJDIFeTCk/view"
"slideUrl","106tA2VBImMvbkkQCQnkX19_YEp-pf0Gc","","","https://docs.google.com/presentation/d/106tA2VBImMvbkkQCQnkX19_YEp-pf0Gc/edit"
"videoUrl","1OYYqcDVGmxmdFSa3Qs_6vtctxj7AsM2j","","","https://drive.google.com/file/d/1OYYqcDVGmxmdFSa3Qs_6vtctxj7AsM2j/view"
"slideUrl","1J3dVAb9lK5tFIg73odVQXzHgC612C4RG","","","https://docs.google.com/presentation/d/1J3dVAb9lK5tFIg73odVQXzHgC612C4RG/edit"
"videoUrl","1VYT-Eyl-eJknPWf4UeIa-Lc_xRHPmJoR","","","https://drive.google.com/file/d/1VYT-Eyl-eJknPWf4UeIa-Lc_xRHPmJoR/view"
"slideUrl","12LfIK1ua2Q6UbsJPT0faKemnXU7SnbAp","","","https://docs.google.com/presentation/d/12LfIK1ua2Q6UbsJPT0faKemnXU7SnbAp/edit"
"videoUrl","175bfQb0tUOsPhk6RBOWh5ng8WhS06fnS","","","https://drive.google.com/file/d/175bfQb0tUOsPhk6RBOWh5ng8WhS06fnS/view"
"slideUrl","1os9QkcR5ydo3K5H6gwpX0FoeRT3Prh-Z","","","https://docs.google.com/presentation/d/1os9QkcR5ydo3K5H6gwpX0FoeRT3Prh-Z/edit"
"videoUrl","1rX4gjkgADuXtP84BgQRERSyzYNADHTpl","","","https://drive.google.com/file/d/1rX4gjkgADuXtP84BgQRERSyzYNADHTpl/view"
"slideUrl","1HBL9vMCysd_rj2wExBq3MuuGrYGuP6lD","","","https://docs.google.com/presentation/d/1HBL9vMCysd_rj2wExBq3MuuGrYGuP6lD/edit"
"videoUrl","1dSymkIya27r_kWeWf6idB7w6OwUIu8am","","","https://drive.google.com/file/d/1dSymkIya27r_kWeWf6idB7w6OwUIu8am/view"
"slideUrl","139ArzWOo4fwcaUbaQwNBWXM3fMzE4MDM","","","https://docs.google.com/presentation/d/139ArzWOo4fwcaUbaQwNBWXM3fMzE4MDM/edit"
"videoUrl","16RNfMWTN9MCzErHR-di6x7uiimIRUSB4","","","https://drive.google.com/file/d/16RNfMWTN9MCzErHR-di6x7uiimIRUSB4/view"
"slideUrl","1fjgzXEwGvg36HrTesr8UHHwk-a5p1NmC","","","https://docs.google.com/presentation/d/1fjgzXEwGvg36HrTesr8UHHwk-a5p1NmC/edit"
"videoUrl","1HcDDdz2B0GTQ68cGhgDUIU1wK0Hhe3t-","","","https://drive.google.com/file/d/1HcDDdz2B0GTQ68cGhgDUIU1wK0Hhe3t-/view"
"slideUrl","1FMo9rd7IGxu30iXZqGpirrz2hTgzdJyA","","","https://docs.google.com/presentation/d/1FMo9rd7IGxu30iXZqGpirrz2hTgzdJyA/edit"
"videoUrl","17bor1Iu-oVGPNCOsC8k4v68IPVPrVqId","","","https://drive.google.com/file/d/17bor1Iu-oVGPNCOsC8k4v68IPVPrVqId/view"
"slideUrl","1fMDcANAr1W52SdMVkNXBIlM4YeBDNOvJ","","","https://docs.google.com/presentation/d/1fMDcANAr1W52SdMVkNXBIlM4YeBDNOvJ/edit"
"videoUrl","151M17M-ebjLUqgbRPqu1VMTOkn1V0QDJ","","","https://drive.google.com/file/d/151M17M-ebjLUqgbRPqu1VMTOkn1V0QDJ/view"
"slideUrl","1Y2C6lFUhJCWo0Ng6aKztKf2CB9kad7Gc","","","https://docs.google.com/presentation/d/1Y2C6lFUhJCWo0Ng6aKztKf2CB9kad7Gc/edit"
"videoUrl","1NRX5R8id_NUxZCb01l6g7ni0fgcet0qY","","","https://drive.google.com/file/d/1NRX5R8id_NUxZCb01l6g7ni0fgcet0qY/view"
"slideUrl","1dvgP4da4bR-lyd_ntixzSNbYoWEG1AFW","","","https://docs.google.com/presentation/d/1dvgP4da4bR-lyd_ntixzSNbYoWEG1AFW/edit"
"videoUrl","153IRaXyWejt51Ag_kHdgGNS1yGw38WMP","","","https://drive.google.com/file/d/153IRaXyWejt51Ag_kHdgGNS1yGw38WMP/view"
"slideUrl","1rgvVglZmMjpVcuVGxezman8_oSTvY-2y","","","https://docs.google.com/presentation/d/1rgvVglZmMjpVcuVGxezman8_oSTvY-2y/edit"
"videoUrl","1Cn0HXSDKBC_VVxaEnneB8cJILY_lnbr7","","","https://drive.google.com/file/d/1Cn0HXSDKBC_VVxaEnneB8cJILY_lnbr7/view"
"slideUrl","1NbPyAUheyaUcNHT4p2xmYh2w07K18LTP","","","https://docs.google.com/presentation/d/1NbPyAUheyaUcNHT4p2xmYh2w07K18LTP/edit"
"videoUrl","1MXDqeBdHc-QiOlrZpXFUuUfHBH3NeI8h","","","https://drive.google.com/file/d/1MXDqeBdHc-QiOlrZpXFUuUfHBH3NeI8h/view"
"slideUrl","1zBKGjXAdyEf_ir1romt8BMRfv2ECR442","","","https://drive.google.com/file/d/1zBKGjXAdyEf_ir1romt8BMRfv2ECR442/view"
"videoUrl","1jbPffss6D7Bx6x2CIrbr2w_P-7E6xLpV","","","https://drive.google.com/file/d/1jbPffss6D7Bx6x2CIrbr2w_P-7E6xLpV/view"
"slideUrl","1CkuGIbovVlqw7IyhL-_KsOSHOMvN-whV","","","https://drive.google.com/file/d/1CkuGIbovVlqw7IyhL-_KsOSHOMvN-whV/view"
"videoUrl","1WAgJ1HCWQEIY13L670Sy1WOqnIZZmsDH","","","https://drive.google.com/file/d/1WAgJ1HCWQEIY13L670Sy1WOqnIZZmsDH/view"
"slideUrl","1viD5V106Blnq5XnB6Yj7RnWe-OWLVV5m","","","https://drive.google.com/file/d/1viD5V106Blnq5XnB6Yj7RnWe-OWLVV5m/view"
"videoUrl","1a3VI1gyUqIZPplYU7aYW6_9EpRiLEykq","","","https://drive.google.com/file/d/1a3VI1gyUqIZPplYU7aYW6_9EpRiLEykq/view"
"slideUrl","1njdvEAN7Rl8GqSj1YBysp2MrBixV0WJO","","","https://drive.google.com/file/d/1njdvEAN7Rl8GqSj1YBysp2MrBixV0WJO/view"
"videoUrl","1GSkyUU9ZKjVZcJP33SHo6etUr-gCV3ZN","","","https://drive.google.com/file/d/1GSkyUU9ZKjVZcJP33SHo6etUr-gCV3ZN/view"
"slideUrl","1lVtdY7dWt7dW2KBH4-oRg2vCCaB6jp_e","","","https://drive.google.com/file/d/1lVtdY7dWt7dW2KBH4-oRg2vCCaB6jp_e/view"
"videoUrl","1MPvmMJ9uPiRa4quEkTTHcxucW9-aZffA","","","https://drive.google.com/file/d/1MPvmMJ9uPiRa4quEkTTHcxucW9-aZffA/view"
"slideUrl","17nz-b9jwv9jmvnx8I_N3RXwFhamHDgMP","","","https://drive.google.com/file/d/17nz-b9jwv9jmvnx8I_N3RXwFhamHDgMP/view"
"videoUrl","1BFFczuWWg4gwbG__t5BJDGRDycXJa0A9","","","https://drive.google.com/file/d/1BFFczuWWg4gwbG__t5BJDGRDycXJa0A9/view"
"slideUrl","1GMsgHVNJWoUAn7uhINazMWTNN9YHGKLs","","","https://drive.google.com/file/d/1GMsgHVNJWoUAn7uhINazMWTNN9YHGKLs/view"
"videoUrl","1_iPuXKg48ixE5km1HFzt2m4rBUKaDgrM","","","https://drive.google.com/file/d/1_iPuXKg48ixE5km1HFzt2m4rBUKaDgrM/view"
"slideUrl","1HfS4EnxVBr_nVg7kj0l9DW_V4CWSMeKb","","","https://drive.google.com/file/d/1HfS4EnxVBr_nVg7kj0l9DW_V4CWSMeKb/view"
"videoUrl","1G4RsHlPYsx9dtVwdFc2SqUz4RH2B8MIq","","","https://drive.google.com/file/d/1G4RsHlPYsx9dtVwdFc2SqUz4RH2B8MIq/view"
"slideUrl","1k5RZjUk3tKpNSehEFDCbPHtT6ZzI2h-y","","","https://drive.google.com/file/d/1k5RZjUk3tKpNSehEFDCbPHtT6ZzI2h-y/view"
"videoUrl","1BWRjo_vBWmWNnKh5LaqRhY-MERaYelYc","","","https://drive.google.com/file/d/1BWRjo_vBWmWNnKh5LaqRhY-MERaYelYc/view"
"slideUrl","1amFnvyvm2HAkZqGyFjeNTHlq2RwSYmBQ","","","https://drive.google.com/file/d/1amFnvyvm2HAkZqGyFjeNTHlq2RwSYmBQ/view"
"videoUrl","1Gj2eUF_1UwY-tIi3-Xbar6jrUlYGc4QN","","","https://drive.google.com/file/d/1Gj2eUF_1UwY-tIi3-Xbar6jrUlYGc4QN/view"
"slideUrl","19VWpv0N94qQe_0A7WRD_2nFXWNb0wYUF","","","https://drive.google.com/file/d/19VWpv0N94qQe_0A7WRD_2nFXWNb0wYUF/view"
"videoUrl","1yyFN9K_S4yDwCU9KrX7w4OGt-l5l8VZ2","","","https://drive.google.com/file/d/1yyFN9K_S4yDwCU9KrX7w4OGt-l5l8VZ2/view"
"slideUrl","1ATHO3OHNZHxQFRpAbpn_QHB4LQcjzf5i","","","https://drive.google.com/file/d/1ATHO3OHNZHxQFRpAbpn_QHB4LQcjzf5i/view"
"videoUrl","1CAEEIDUhTd5cV4FwniS3nLyGqDSJJkl6","","","https://drive.google.com/file/d/1CAEEIDUhTd5cV4FwniS3nLyGqDSJJkl6/view"
"slideUrl","1VFMEfvADRyyU_s-YPw1e6FhxrzK-FWNg","","","https://drive.google.com/file/d/1VFMEfvADRyyU_s-YPw1e6FhxrzK-FWNg/view"
"videoUrl","1m3RRemfy64mbzvjZot0-XDb2VFJEQri6","","","https://drive.google.com/file/d/1m3RRemfy64mbzvjZot0-XDb2VFJEQri6/view"
"slideUrl","1sWWNOr8difEguhZfHIlAz3DfLEKGA48k","","","https://drive.google.com/file/d/1sWWNOr8difEguhZfHIlAz3DfLEKGA48k/view"
"videoUrl","17tQFpkNltowohNnH3NA_PJhv1EEH-6KA","","","https://drive.google.com/file/d/17tQFpkNltowohNnH3NA_PJhv1EEH-6KA/view"
"slideUrl","1WAgnLCTLpWfGJUDYT6SkI3MRZbXqlddD","","","https://drive.google.com/file/d/1WAgnLCTLpWfGJUDYT6SkI3MRZbXqlddD/view"
"videoUrl","1KYOK3zxS2-r0PRwSyg7Gk9T-HGvDkYum","","","https://drive.google.com/file/d/1KYOK3zxS2-r0PRwSyg7Gk9T-HGvDkYum/view"
"slideUrl","1v2mKUMpqyRkCYnwTjt4tf1z6xJ_oZ84m","","","https://drive.google.com/file/d/1v2mKUMpqyRkCYnwTjt4tf1z6xJ_oZ84m/view"
"videoUrl","1ie2PuIIQiLlc97qiSnnxndjMZ2uonw3c","","","https://drive.google.com/file/d/1ie2PuIIQiLlc97qiSnnxndjMZ2uonw3c/view"
"slideUrl","1a5-q5YetAYrpttH5EIf9tYluoKbi2s7z","","","https://drive.google.com/file/d/1a5-q5YetAYrpttH5EIf9tYluoKbi2s7z/view"
"videoUrl","1YMdywjitU5b1U9MN5bB5PwkHdUOIICzQ","","","https://drive.google.com/file/d/1YMdywjitU5b1U9MN5bB5PwkHdUOIICzQ/view"
"slideUrl","1WGrWE2WY-0wMPT-5LJQ6BxSfYjHlrcvB","","","https://drive.google.com/file/d/1WGrWE2WY-0wMPT-5LJQ6BxSfYjHlrcvB/view"
"videoUrl","1c6S5IPkLtpUnKXjfi16SxlCmKpI_bJ89","","","https://drive.google.com/file/d/1c6S5IPkLtpUnKXjfi16SxlCmKpI_bJ89/view"
"slideUrl","1QrcM7VCQYo6ocomw7dfKUENgd74SGapW","","","https://drive.google.com/file/d/1QrcM7VCQYo6ocomw7dfKUENgd74SGapW/view"
"videoUrl","1KWzY__bmv8_FqMUJPYtx-VVlo0-5nlGW","","","https://drive.google.com/file/d/1KWzY__bmv8_FqMUJPYtx-VVlo0-5nlGW/view"
"slideUrl","19jwZRcUcBzgL7y7lAoTI6bbEh7MCfpBn","","","https://drive.google.com/file/d/19jwZRcUcBzgL7y7lAoTI6bbEh7MCfpBn/view"
"videoUrl","1ISlTbugEU61m4VJBCVKwjXzya2ev8a0t","","","https://drive.google.com/file/d/1ISlTbugEU61m4VJBCVKwjXzya2ev8a0t/view"
"slideUrl","1P-_wmiF4rpKuWcMYaQi75fSmPUCng0TT","","","https://drive.google.com/file/d/1P-_wmiF4rpKuWcMYaQi75fSmPUCng0TT/view"
"videoUrl","13x7eL2s7kDzGByV165ve5VqsrnwMadYm","","","https://drive.google.com/file/d/13x7eL2s7kDzGByV165ve5VqsrnwMadYm/view"
"slideUrl","1G7mp4vMlVZVqq_Gl7m1U2OudgiMb7Xc9","","","https://drive.google.com/file/d/1G7mp4vMlVZVqq_Gl7m1U2OudgiMb7Xc9/view"
"videoUrl","1TlGmtSFGY0u74d2PDHszBJhmNqMLWtRq","","","https://drive.google.com/file/d/1TlGmtSFGY0u74d2PDHszBJhmNqMLWtRq/view"
"slideUrl","1vORPmgNEn254bbXOy5fEX1qhXWXKyKh8","","","https://drive.google.com/file/d/1vORPmgNEn254bbXOy5fEX1qhXWXKyKh8/view"
"videoUrl","1RxjltVBkQPg40pEG4WJuAFKvo0_Y5Zdh","","","https://drive.google.com/file/d/1RxjltVBkQPg40pEG4WJuAFKvo0_Y5Zdh/view"
"slideUrl","1IM7rNJs2LVtniM2nWna2qL58ONWl52H1","","","https://drive.google.com/file/d/1IM7rNJs2LVtniM2nWna2qL58ONWl52H1/view"
"videoUrl","1CJ3SA35OxiBUHIVMvdbmgwltcA8pQeiR","","","https://drive.google.com/file/d/1CJ3SA35OxiBUHIVMvdbmgwltcA8pQeiR/view"
"slideUrl","1yoYM9P0tUF65pFaJtCrTG0t8l78optB1","","","https://drive.google.com/file/d/1yoYM9P0tUF65pFaJtCrTG0t8l78optB1/view"
"videoUrl","1DlTtDb7FNIPYrPrBSdOkaZGvr8EqQAjn","","","https://drive.google.com/file/d/1DlTtDb7FNIPYrPrBSdOkaZGvr8EqQAjn/view"
"slideUrl","1XQz9Z_7wb_xtDl39a4mYL1Ts836mvt59","","","https://drive.google.com/file/d/1XQz9Z_7wb_xtDl39a4mYL1Ts836mvt59/view"
"videoUrl","1ND03XUvzg9cHOFJjU7cyS16ckgeKuGOS","","","https://drive.google.com/file/d/1ND03XUvzg9cHOFJjU7cyS16ckgeKuGOS/view"
"slideUrl","10xsZbp9rclJFTA3pZAtJZ0YpH4avla9u","","","https://drive.google.com/file/d/10xsZbp9rclJFTA3pZAtJZ0YpH4avla9u/view"
"videoUrl","1kDEvgjAjRk71jqzsp0v6NI62HOmnMQk7","","","https://drive.google.com/file/d/1kDEvgjAjRk71jqzsp0v6NI62HOmnMQk7/view"
"slideUrl","1vJwzY2ny3cWApB9zyCH7QX0QNKkWdpqI","","","https://drive.google.com/file/d/1vJwzY2ny3cWApB9zyCH7QX0QNKkWdpqI/view"
"videoUrl","1NQ7kNN7A5XLyHCChWyiRp-dyeOZOEOGA","","","https://drive.google.com/file/d/1NQ7kNN7A5XLyHCChWyiRp-dyeOZOEOGA/view"
"slideUrl","1H_rQzTzmxmhoTiLqRe0RdfbNATyk8UCh","","","https://drive.google.com/file/d/1H_rQzTzmxmhoTiLqRe0RdfbNATyk8UCh/view"
"videoUrl","14YPZwdqaqTk7m5UoQdOivwkWbjjFGVVV","","","https://drive.google.com/file/d/14YPZwdqaqTk7m5UoQdOivwkWbjjFGVVV/view"
"slideUrl","1JfL5XUDvgEJ897jLX399iK6fDw2uTObC","","","https://drive.google.com/file/d/1JfL5XUDvgEJ897jLX399iK6fDw2uTObC/view"
"videoUrl","1kBA3fAd1mMIrpQt4YJkr6L-Oq7fEPwMS","","","https://drive.google.com/file/d/1kBA3fAd1mMIrpQt4YJkr6L-Oq7fEPwMS/view"
"slideUrl","1LcfusfBKlyKkacBtbO4CnM5hi2Ako2W6","","","https://drive.google.com/file/d/1LcfusfBKlyKkacBtbO4CnM5hi2Ako2W6/view"
"videoUrl","15HqnMZXAdxvA97pN2ZnZzAy3pgcII-qI","","","https://drive.google.com/file/d/15HqnMZXAdxvA97pN2ZnZzAy3pgcII-qI/view"
"slideUrl","1TeDuDtE5QzLPB-kwjRLn_h_q8MmxNbp4","","","https://drive.google.com/file/d/1TeDuDtE5QzLPB-kwjRLn_h_q8MmxNbp4/view"
"videoUrl","1zNwD6qzSvc7lFozwlcxIRmbkPk7BpF7S","","","https://drive.google.com/file/d/1zNwD6qzSvc7lFozwlcxIRmbkPk7BpF7S/view"
"slideUrl","1H-Nz4vuRFNLEQTKZMzxggEhR43J57Zqe","","","https://drive.google.com/file/d/1H-Nz4vuRFNLEQTKZMzxggEhR43J57Zqe/view"
"videoUrl","12vxbBWXcfMwvqTdiSsi5W_O6lSLS8uyi","","","https://drive.google.com/file/d/12vxbBWXcfMwvqTdiSsi5W_O6lSLS8uyi/view"
"slideUrl","1WjrQS8N9UXwlFhuKKfV9LJxJwI5PicYY","","","https://drive.google.com/file/d/1WjrQS8N9UXwlFhuKKfV9LJxJwI5PicYY/view"
"videoUrl","1m8C71FuYxu5kyiUx2zSaDvJ2lRkvtfGr","","","https://drive.google.com/file/d/1m8C71FuYxu5kyiUx2zSaDvJ2lRkvtfGr/view"
"slideUrl","1aIS9-tcO9bQnFqSCkbyLjKltpiQRio3S","","","https://drive.google.com/file/d/1aIS9-tcO9bQnFqSCkbyLjKltpiQRio3S/view"
"videoUrl","1caUr2PgxHII8TPgpZfP4v8tGLtla848w","","","https://drive.google.com/file/d/1caUr2PgxHII8TPgpZfP4v8tGLtla848w/view"
"slideUrl","1WFXitublO876oAjdLPf-HjGVb8VsIToZ","","","https://drive.google.com/file/d/1WFXitublO876oAjdLPf-HjGVb8VsIToZ/view"
"videoUrl","1qZ6JNH5aHskc52mfnHUo0LrsLCICNC-T","","","https://drive.google.com/file/d/1qZ6JNH5aHskc52mfnHUo0LrsLCICNC-T/view"
"slideUrl","1ZKN18yreKHH2zw8bzI9v3vlQ8zW5WRJq","","","https://drive.google.com/file/d/1ZKN18yreKHH2zw8bzI9v3vlQ8zW5WRJq/view"
"videoUrl","1CtyIkcU2YKChEgqQ_xO1UGh3mNWRQj4x","","","https://drive.google.com/file/d/1CtyIkcU2YKChEgqQ_xO1UGh3mNWRQj4x/view"
"slideUrl","1hDX3E76xE0DKRCudCJy8oW1591N1_irJ","","","https://drive.google.com/file/d/1hDX3E76xE0DKRCudCJy8oW1591N1_irJ/view"
"videoUrl","15ElG3ipPAs0NGO8fTlL6TugwowQcZYNn","","","https://drive.google.com/file/d/15ElG3ipPAs0NGO8fTlL6TugwowQcZYNn/view"
"slideUrl","1hbNvsXwJpin51e4PWFbO7ImoZe0P7cQk","","","https://drive.google.com/file/d/1hbNvsXwJpin51e4PWFbO7ImoZe0P7cQk/view"
"videoUrl","1pbf9LzhqvYFWs81fIF2DWCkAZ_ngPu3Q","","","https://drive.google.com/file/d/1pbf9LzhqvYFWs81fIF2DWCkAZ_ngPu3Q/view"
"slideUrl","1SrL2Jb8_z5mEkmLL3PIpLZK1NfWSKVXU","","","https://drive.google.com/file/d/1SrL2Jb8_z5mEkmLL3PIpLZK1NfWSKVXU/view"
"videoUrl","1Aan18QtOEIDcBQxo3b2Y0TswUWzYk9hq","","","https://drive.google.com/file/d/1Aan18QtOEIDcBQxo3b2Y0TswUWzYk9hq/view"
"slideUrl","186RwH7V-GiyAopcRrbIh5YaxWqImx8Iq","","","https://drive.google.com/file/d/186RwH7V-GiyAopcRrbIh5YaxWqImx8Iq/view"
"videoUrl","1_ViIFBUxxAKs8rAVwNI0GuQ2PKLK_i72","","","https://drive.google.com/file/d/1_ViIFBUxxAKs8rAVwNI0GuQ2PKLK_i72/view"
"slideUrl","1ZB_RQGJ20qKBDa30AEpGoQbwJWK362Y_","","","https://drive.google.com/file/d/1ZB_RQGJ20qKBDa30AEpGoQbwJWK362Y_/view"
"videoUrl","19_lwM7_9_3gWbNoQjLf2lb4mQeVhX8l8","","","https://drive.google.com/file/d/19_lwM7_9_3gWbNoQjLf2lb4mQeVhX8l8/view"
"slideUrl","1ydVbp9VMj6qHA6PBV-F8MwjEkqJppHrv","","","https://drive.google.com/file/d/1ydVbp9VMj6qHA6PBV-F8MwjEkqJppHrv/view"
"videoUrl","1zLQ-KTDzjSboShM7qY4iu5LkopobG8es","","","https://drive.google.com/file/d/1zLQ-KTDzjSboShM7qY4iu5LkopobG8es/view"
"slideUrl","1rnaqv_UJOOGkEYIWqrWsVtZ3uK3POmcf","","","https://drive.google.com/file/d/1rnaqv_UJOOGkEYIWqrWsVtZ3uK3POmcf/view"
"videoUrl","1JtNOYrd6B8CUxJ0oy2XqxD2oldgNBLRE","","","https://drive.google.com/file/d/1JtNOYrd6B8CUxJ0oy2XqxD2oldgNBLRE/view"
"slideUrl","1IS9ioEOP9HOIHkdI5duyDzOdjEnSoFOl","","","https://drive.google.com/file/d/1IS9ioEOP9HOIHkdI5duyDzOdjEnSoFOl/view"
"videoUrl","1AsaX5i5NRcwj4in4TNtVAdZIUN8LFeyE","","","https://drive.google.com/file/d/1AsaX5i5NRcwj4in4TNtVAdZIUN8LFeyE/view"
"slideUrl","1etnQil2Qo7f56ChExW6LvVVGN4NSrcOR","","","https://drive.google.com/file/d/1etnQil2Qo7f56ChExW6LvVVGN4NSrcOR/view"
"videoUrl","1moVVlh25BfZXxYaZ6IhyaWddKI0HXx4Q","","","https://drive.google.com/file/d/1moVVlh25BfZXxYaZ6IhyaWddKI0HXx4Q/view"
"slideUrl","1lk8F3roRsILsQGK37vk9m1dZN5wFVrgN","","","https://drive.google.com/file/d/1lk8F3roRsILsQGK37vk9m1dZN5wFVrgN/view"
"videoUrl","10szMyeZIGvEmIc328wtu9xfb4dgYscDz","","","https://drive.google.com/file/d/10szMyeZIGvEmIc328wtu9xfb4dgYscDz/view"
"slideUrl","1bieV7GC0SFnw5XhXHdXjlk-KiRRGe1uG","","","https://drive.google.com/file/d/1bieV7GC0SFnw5XhXHdXjlk-KiRRGe1uG/view"
"videoUrl","1tFgqARo4FBeFQx4Wbg02Eshbw5oec0Ng","","","https://drive.google.com/file/d/1tFgqARo4FBeFQx4Wbg02Eshbw5oec0Ng/view"
"slideUrl","18vEUQeOZHgim1IN8QJsTuq6_lBoPqOxg","","","https://drive.google.com/file/d/18vEUQeOZHgim1IN8QJsTuq6_lBoPqOxg/view"
"videoUrl","1Ip4ntAqKmCX-vdwMHVUMcYJSXJPRbbtW","","","https://drive.google.com/file/d/1Ip4ntAqKmCX-vdwMHVUMcYJSXJPRbbtW/view"
"slideUrl","1b152cL7fMWiimnPn73XQAMAdE5uwW6UI","","","https://drive.google.com/file/d/1b152cL7fMWiimnPn73XQAMAdE5uwW6UI/view"
"videoUrl","14jmgsWFQiOLPF1dm7PeG9smLssdo9hpM","","","https://drive.google.com/file/d/14jmgsWFQiOLPF1dm7PeG9smLssdo9hpM/view"
"slideUrl","16AoWJBtYJfR64woXWAjdhhXV8Jef50YX","","","https://drive.google.com/file/d/16AoWJBtYJfR64woXWAjdhhXV8Jef50YX/view"
"videoUrl","12fsJVQJY1JK_lnN6hhDLABbfXLhdkzxX","","","https://drive.google.com/file/d/12fsJVQJY1JK_lnN6hhDLABbfXLhdkzxX/view"
"slideUrl","1xJTlSLmtk8qu0rj7d1p36Ed_plsG2cp-","","","https://drive.google.com/file/d/1xJTlSLmtk8qu0rj7d1p36Ed_plsG2cp-/view"
"videoUrl","1FVLsV-ZsoY6dqMlxEV0H3Y8mr_4FbNfq","","","https://drive.google.com/file/d/1FVLsV-ZsoY6dqMlxEV0H3Y8mr_4FbNfq/view"
"slideUrl","11Kgl6Rblg7CSMVplZRy8M-cHs37KN4TN","","","https://drive.google.com/file/d/11Kgl6Rblg7CSMVplZRy8M-cHs37KN4TN/view"
"videoUrl","1VEo03tMmZysM7PvyqUu1HamTMcsWZgYa","","","https://drive.google.com/file/d/1VEo03tMmZysM7PvyqUu1HamTMcsWZgYa/view"
"slideUrl","11KW732iLRAsINPogW3oWx2ls7k87DxES","","","https://drive.google.com/file/d/11KW732iLRAsINPogW3oWx2ls7k87DxES/view"
"videoUrl","1h0gCv609KxtsJk6A427tbIloUQZKNlWm","","","https://drive.google.com/file/d/1h0gCv609KxtsJk6A427tbIloUQZKNlWm/view"
"slideUrl","1aI-mAc0iJyGaWStIuVvmwKU7vDC5vQgy","","","https://drive.google.com/file/d/1aI-mAc0iJyGaWStIuVvmwKU7vDC5vQgy/view"
"videoUrl","1g46MTSnrRA9DHC-z3-OBs_Fl0KF4PhvQ","","","https://drive.google.com/file/d/1g46MTSnrRA9DHC-z3-OBs_Fl0KF4PhvQ/view"
"slideUrl","1Hx1xOmNymUk0BPd_rg1GN1CP7mk8sjYS","","","https://drive.google.com/file/d/1Hx1xOmNymUk0BPd_rg1GN1CP7mk8sjYS/view"
"videoUrl","1ZB8GavgJHXmX5sSVgXEYWDmD26ev83HB","","","https://drive.google.com/file/d/1ZB8GavgJHXmX5sSVgXEYWDmD26ev83HB/view"
"slideUrl","176_0B2ruV6mSWhs1b5qwL4TU8SmRySvc","","","https://drive.google.com/file/d/176_0B2ruV6mSWhs1b5qwL4TU8SmRySvc/view"
"videoUrl","1nMRDHszXe-LcEhG5RFY6DIaTvqEFnlQR","","","https://drive.google.com/file/d/1nMRDHszXe-LcEhG5RFY6DIaTvqEFnlQR/view"
"slideUrl","1BrJtRwDHQODGmt2snf6wrxPAOyPUHBtw","","","https://drive.google.com/file/d/1BrJtRwDHQODGmt2snf6wrxPAOyPUHBtw/view"
"videoUrl","1Pc5bYfLFsjFyJqRaLi2Xjpf10yYqCeQV","","","https://drive.google.com/file/d/1Pc5bYfLFsjFyJqRaLi2Xjpf10yYqCeQV/view"
"slideUrl","1cWu0Llo7sU_rdaDpds0f8q7RCaEo49h9","","","https://drive.google.com/file/d/1cWu0Llo7sU_rdaDpds0f8q7RCaEo49h9/view"
"videoUrl","1NbXP79r9OB90acYViD4_Tayv5XNacjSd","","","https://drive.google.com/file/d/1NbXP79r9OB90acYViD4_Tayv5XNacjSd/view"
"slideUrl","14KFG60yaP-9nxt-nSVw1OKr9oljyb2tU","","","https://drive.google.com/file/d/14KFG60yaP-9nxt-nSVw1OKr9oljyb2tU/view"
"videoUrl","1Q6Mmig23lw0FB-OKYilBgHRrRfDED36W","","","https://drive.google.com/file/d/1Q6Mmig23lw0FB-OKYilBgHRrRfDED36W/view"
"slideUrl","1Fb4098X-PqjMf3DNJlPuoaRzNiL6YQk_","","","https://drive.google.com/file/d/1Fb4098X-PqjMf3DNJlPuoaRzNiL6YQk_/view"
"videoUrl","1bPXJRSaXqjAnBTOxUbSahv6yXqG0ddpm","","","https://drive.google.com/file/d/1bPXJRSaXqjAnBTOxUbSahv6yXqG0ddpm/view"
"slideUrl","1CJnux9jOwBeO6Qnsv9Y7RTYJ5ANX213v","","","https://drive.google.com/file/d/1CJnux9jOwBeO6Qnsv9Y7RTYJ5ANX213v/view"
"videoUrl","1ixFYcxdZ6tNWh7e0pkaECFm9zTG7Ia0t","","","https://drive.google.com/file/d/1ixFYcxdZ6tNWh7e0pkaECFm9zTG7Ia0t/view"
"slideUrl","1Ht6CxQBB_CXqU4CFjwTc5AnRANYLam0f","","","https://drive.google.com/file/d/1Ht6CxQBB_CXqU4CFjwTc5AnRANYLam0f/view"
"videoUrl","1RIEuXOXZhJFwIk5ZVfdsD9bTsP04IjEF","","","https://drive.google.com/file/d/1RIEuXOXZhJFwIk5ZVfdsD9bTsP04IjEF/view"
"slideUrl","1FPf9NN6c1zP0Pq5FEVnxxwG-uRX-DSPH","","","https://drive.google.com/file/d/1FPf9NN6c1zP0Pq5FEVnxxwG-uRX-DSPH/view"
"videoUrl","1LiORLNnAestnAdqI4ImgIF5j2Q12CsvE","","","https://drive.google.com/file/d/1LiORLNnAestnAdqI4ImgIF5j2Q12CsvE/view"
"slideUrl","1ppOAUImmZmo_HcwrGcMYdeRe2aaW1TtH","","","https://drive.google.com/file/d/1ppOAUImmZmo_HcwrGcMYdeRe2aaW1TtH/view"
"videoUrl","1U3rkorGkqmaEs5LNVSX6h1zdyKmKRLwa","","","https://drive.google.com/file/d/1U3rkorGkqmaEs5LNVSX6h1zdyKmKRLwa/view"
"slideUrl","1wtTxap0bbF3Z97-gqJAYxpb4v08YITLZ","","","https://drive.google.com/file/d/1wtTxap0bbF3Z97-gqJAYxpb4v08YITLZ/view"
"videoUrl","1ZM8F0IRUsMf2bzSvzdoRuDwxpRV2INTD","","","https://drive.google.com/file/d/1ZM8F0IRUsMf2bzSvzdoRuDwxpRV2INTD/view"
"slideUrl","1vzXQVGd0gRIKXCP7WYs9lrgpo7_YRnFX","","","https://drive.google.com/file/d/1vzXQVGd0gRIKXCP7WYs9lrgpo7_YRnFX/view"
"videoUrl","1w6A7wf9k0nH1eHIHGZh471bNeUEe6mwM","","","https://drive.google.com/file/d/1w6A7wf9k0nH1eHIHGZh471bNeUEe6mwM/view"
"slideUrl","15S_P8y3H7nZcIY_GJgUpkQt8wIOckbjS","","","https://drive.google.com/file/d/15S_P8y3H7nZcIY_GJgUpkQt8wIOckbjS/view"
"videoUrl","1IkVRjQy0popDQMD-hUHiIWWOVyAn4fOZ","","","https://drive.google.com/file/d/1IkVRjQy0popDQMD-hUHiIWWOVyAn4fOZ/view"
"slideUrl","1TbWnokV7Av-3DevpRUkIZVZ-sIwzhIVi","","","https://drive.google.com/file/d/1TbWnokV7Av-3DevpRUkIZVZ-sIwzhIVi/view"
"videoUrl","1LqeQZSzyX7OeuwJzMYJXd1blStj0J3AV","","","https://drive.google.com/file/d/1LqeQZSzyX7OeuwJzMYJXd1blStj0J3AV/view"
"slideUrl","1_mmUz-j5pgN7aNVphMZQ_REh5pDrtXbF","","","https://drive.google.com/file/d/1_mmUz-j5pgN7aNVphMZQ_REh5pDrtXbF/view"
"videoUrl","1_h4cv4pfDcoxx_0BVeNFe0BAyX90OqMW","","","https://drive.google.com/file/d/1_h4cv4pfDcoxx_0BVeNFe0BAyX90OqMW/view"
"slideUrl","1qgCwjAlexhn6NbQ8kN9AZfeA6WI8B3Y5","","","https://drive.google.com/file/d/1qgCwjAlexhn6NbQ8kN9AZfeA6WI8B3Y5/view"
"videoUrl","1_zQJov_EaPgTJUft8OI-OxbfcCewEqIV","","","https://drive.google.com/file/d/1_zQJov_EaPgTJUft8OI-OxbfcCewEqIV/view"
"slideUrl","1M9tEqXbQj37TtulbL0O0niUhoOkfqQvq","","","https://drive.google.com/file/d/1M9tEqXbQj37TtulbL0O0niUhoOkfqQvq/view"
"videoUrl","1fc_v6JKZh_7tknga6gP4GiKRlhch_7KD","","","https://drive.google.com/file/d/1fc_v6JKZh_7tknga6gP4GiKRlhch_7KD/view"
"slideUrl","1xEK7262Y49fi1itrKb6h-AC-CZtRHlBc","","","https://drive.google.com/file/d/1xEK7262Y49fi1itrKb6h-AC-CZtRHlBc/view"
"videoUrl","16-9lgkjt4fa1mZvF6YWD64M-Nh99zS2x","","","https://drive.google.com/file/d/16-9lgkjt4fa1mZvF6YWD64M-Nh99zS2x/view"
"slideUrl","1Ea-MkBy7NkAK6iGVxTiVdqvx9pd4TVON","","","https://drive.google.com/file/d/1Ea-MkBy7NkAK6iGVxTiVdqvx9pd4TVON/view"
"videoUrl","1qHh8WRAPuKo7F6PxVjGQoY_DX0vpLIkh","","","https://drive.google.com/file/d/1qHh8WRAPuKo7F6PxVjGQoY_DX0vpLIkh/view"
"slideUrl","1gyKz63SnqT-6ZDWW2rUipnU6r_N1ZVGC","","","https://drive.google.com/file/d/1gyKz63SnqT-6ZDWW2rUipnU6r_N1ZVGC/view"
"videoUrl","1b0b1CTCq5eGjbkNwuNs3PiXqsTsd_mdA","","","https://drive.google.com/file/d/1b0b1CTCq5eGjbkNwuNs3PiXqsTsd_mdA/view"
"slideUrl","1eOTI91aiIXlJPq_1SKwoIeXrnzyl80wl","","","https://drive.google.com/file/d/1eOTI91aiIXlJPq_1SKwoIeXrnzyl80wl/view"
"videoUrl","1HqmjT9aD0bilobRB5ynwIAsGhdTIkywD","","","https://drive.google.com/file/d/1HqmjT9aD0bilobRB5ynwIAsGhdTIkywD/view"
"slideUrl","1J7UNcC5rFLSafgNijXKNZzBKRJaoyXH7","","","https://drive.google.com/file/d/1J7UNcC5rFLSafgNijXKNZzBKRJaoyXH7/view"
"videoUrl","1fwklEvov5Obxouy60ADpaQLS1mQ2nAC_","","","https://drive.google.com/file/d/1fwklEvov5Obxouy60ADpaQLS1mQ2nAC_/view"
"slideUrl","1idh8bMflDoCzhWmWwjTAm5RzOg1nW6vr","","","https://drive.google.com/file/d/1idh8bMflDoCzhWmWwjTAm5RzOg1nW6vr/view"
"videoUrl","1tLxAr8kemf9OEK8w07wacHv4dRioFL6a","","","https://drive.google.com/file/d/1tLxAr8kemf9OEK8w07wacHv4dRioFL6a/view"
"slideUrl","1ijAcuXYOoWPsrYLz_ckv-WELMwohnvs2","","","https://drive.google.com/file/d/1ijAcuXYOoWPsrYLz_ckv-WELMwohnvs2/view"
"videoUrl","1V1wCcCBGH1e4epK75YoHQS0WYPvtafvc","","","https://drive.google.com/file/d/1V1wCcCBGH1e4epK75YoHQS0WYPvtafvc/view"
"slideUrl","1vftroDmjQ54k5_GoxgUSnJ1rezAwA--L","","","https://drive.google.com/file/d/1vftroDmjQ54k5_GoxgUSnJ1rezAwA--L/view"
"videoUrl","1aBgetosLZCN5pQ5VkfkPQxrkYBGpJGmI","","","https://drive.google.com/file/d/1aBgetosLZCN5pQ5VkfkPQxrkYBGpJGmI/view"
"slideUrl","1B-QID32wa4heNr7vn9ulpoDjcmeX77i7","","","https://drive.google.com/file/d/1B-QID32wa4heNr7vn9ulpoDjcmeX77i7/view"
"videoUrl","10_ZOvR72WafmoWkt_ffw0RVWl5UEjOLV","","","https://drive.google.com/file/d/10_ZOvR72WafmoWkt_ffw0RVWl5UEjOLV/view"
"slideUrl","1tfs3P7M0yysgXuKwGLjcVn4l7B3Hvgy1","","","https://drive.google.com/file/d/1tfs3P7M0yysgXuKwGLjcVn4l7B3Hvgy1/view"
"videoUrl","1fV1qyxrME2MzmL40oUs6cZeztFXrsT-6","","","https://drive.google.com/file/d/1fV1qyxrME2MzmL40oUs6cZeztFXrsT-6/view"
"slideUrl","1Vn0nzfr01GT5rvC8YTvmqVAVoGFXVjhv","","","https://drive.google.com/file/d/1Vn0nzfr01GT5rvC8YTvmqVAVoGFXVjhv/view"
"videoUrl","1FYWZ680tkj2bagWuxIJ9WN_3GnbkwaZh","","","https://drive.google.com/file/d/1FYWZ680tkj2bagWuxIJ9WN_3GnbkwaZh/view"
"slideUrl","1YLoYdvHsv5fHgMaNKCLaYuo4aesdZWxF","","","https://drive.google.com/file/d/1YLoYdvHsv5fHgMaNKCLaYuo4aesdZWxF/view"
"videoUrl","1BUGVKd4tw_YvZsN7hNDMet0ILSNYCLgJ","","","https://drive.google.com/file/d/1BUGVKd4tw_YvZsN7hNDMet0ILSNYCLgJ/view"
"slideUrl","1sbsBjb-iU5i5rZmLe9GUUQfkCfXm-eEt","","","https://drive.google.com/file/d/1sbsBjb-iU5i5rZmLe9GUUQfkCfXm-eEt/view"
"videoUrl","1zhLK-VV1bQFrjgW_52HAcBBzR6EMAQwf","","","https://drive.google.com/file/d/1zhLK-VV1bQFrjgW_52HAcBBzR6EMAQwf/view"
"slideUrl","1k7fLCBWQoW_avs1rHCmQuM2UjxV06Jt7","","","https://drive.google.com/file/d/1k7fLCBWQoW_avs1rHCmQuM2UjxV06Jt7/view"
"videoUrl","1fK-c3vMqpzcdogw3cdc3JRZR-oLZt-K0","","","https://drive.google.com/file/d/1fK-c3vMqpzcdogw3cdc3JRZR-oLZt-K0/view"
"slideUrl","1n3bM2SWbfRq20_tfq1te5KN5B8fjjhgU","","","https://drive.google.com/file/d/1n3bM2SWbfRq20_tfq1te5KN5B8fjjhgU/view"
"videoUrl","1RW2bmk8pj1pY_TzE7GO5hnzbUnsbw0jl","","","https://drive.google.com/file/d/1RW2bmk8pj1pY_TzE7GO5hnzbUnsbw0jl/view"
"slideUrl","11-2TXH9vfg1Z-ontBVoYoLJq8o5x1JkF","","","https://drive.google.com/file/d/11-2TXH9vfg1Z-ontBVoYoLJq8o5x1JkF/view"
"videoUrl","1bDHptzx84xHTTpKBPTcdhIoE7ki1DQk1","","","https://drive.google.com/file/d/1bDHptzx84xHTTpKBPTcdhIoE7ki1DQk1/view"
"slideUrl","1tRPjonK3jYpysJ-Iy47EuVHhAfBhnY_T","","","https://drive.google.com/file/d/1tRPjonK3jYpysJ-Iy47EuVHhAfBhnY_T/view"
"videoUrl","13clOjvFiwHJ0-E1n0E2d1aNbTrN7uRrA","","","https://drive.google.com/file/d/13clOjvFiwHJ0-E1n0E2d1aNbTrN7uRrA/view"
"slideUrl","1MQ2uSX0b5PIgyOb7E7J1WHziTpEh9wAJ","","","https://drive.google.com/file/d/1MQ2uSX0b5PIgyOb7E7J1WHziTpEh9wAJ/view"
"videoUrl","10btfNFZEinYtMh1ontNZHIiAJiSGiMz2","","","https://drive.google.com/file/d/10btfNFZEinYtMh1ontNZHIiAJiSGiMz2/view"
"slideUrl","1WEnbQ0ca90A1Vsq3eJMBHeHlKU6COSUI","","","https://drive.google.com/file/d/1WEnbQ0ca90A1Vsq3eJMBHeHlKU6COSUI/view"
"videoUrl","14YreyQLg_GrFHzSfhgDD5KnZtHiSA6DS","","","https://drive.google.com/file/d/14YreyQLg_GrFHzSfhgDD5KnZtHiSA6DS/view"
"slideUrl","1L4QZgiUqa90tpBnWGJK-K2uCYs3rbcBc","","","https://drive.google.com/file/d/1L4QZgiUqa90tpBnWGJK-K2uCYs3rbcBc/view"
"videoUrl","1Ejyh9vh7KIgb1AmeBZSgUu0-ytWvBJQ2","","","https://drive.google.com/file/d/1Ejyh9vh7KIgb1AmeBZSgUu0-ytWvBJQ2/view"
"slideUrl","1BZHDmX9KWYVwXoMcazYqlOudOmJHPcTv","","","https://drive.google.com/file/d/1BZHDmX9KWYVwXoMcazYqlOudOmJHPcTv/view"
"videoUrl","1lEKY2xukxAcKXdZDT2Ys0gDgDQhFiiah","","","https://drive.google.com/file/d/1lEKY2xukxAcKXdZDT2Ys0gDgDQhFiiah/view"
"slideUrl","1kY-qTBcBPa9BID5esnMUlkX_Ik2SziSG","","","https://drive.google.com/file/d/1kY-qTBcBPa9BID5esnMUlkX_Ik2SziSG/view"
"videoUrl","1n2TnfoB4CVslcUQWGvPcTWu0vuXTZ9hn","","","https://drive.google.com/file/d/1n2TnfoB4CVslcUQWGvPcTWu0vuXTZ9hn/view"
"slideUrl","1CgBiofNlprz2mazBOJ1u8WlUrotTgXcz","","","https://drive.google.com/file/d/1CgBiofNlprz2mazBOJ1u8WlUrotTgXcz/view"
"videoUrl","1m_3cagPNwzOi-ThNykwmTtv0FcyXvcR2","","","https://drive.google.com/file/d/1m_3cagPNwzOi-ThNykwmTtv0FcyXvcR2/view"
"slideUrl","10bHJ8Tx1JIhu4PQ7gIUW7CWWjvObo0-g","","","https://drive.google.com/file/d/10bHJ8Tx1JIhu4PQ7gIUW7CWWjvObo0-g/view"
"videoUrl","1m-db4pM6XVUfjmCcpK-ruUD40C0M8_o3","","","https://drive.google.com/file/d/1m-db4pM6XVUfjmCcpK-ruUD40C0M8_o3/view"
"slideUrl","1ZMUcmZ_zGBRpev2ofYRhmrDYWTFUheyO","","","https://drive.google.com/file/d/1ZMUcmZ_zGBRpev2ofYRhmrDYWTFUheyO/view"
"videoUrl","1oG4EMvTGBaggtuwkAzgLdmD0Qt6qaJsg","","","https://drive.google.com/file/d/1oG4EMvTGBaggtuwkAzgLdmD0Qt6qaJsg/view"
"slideUrl","1h7P-91ehM_IX4j40ScONMEbHZHusxEJd","","","https://drive.google.com/file/d/1h7P-91ehM_IX4j40ScONMEbHZHusxEJd/view"
"videoUrl","1g5lUsWw3EbziLSS04CyjoAKIw210UUzM","","","https://drive.google.com/file/d/1g5lUsWw3EbziLSS04CyjoAKIw210UUzM/view"
"slideUrl","1xhZ1KgcBhozXTXio6zVpVHrfcqZGg_lJ","","","https://drive.google.com/file/d/1xhZ1KgcBhozXTXio6zVpVHrfcqZGg_lJ/view"
"videoUrl","1HwccjLTzyxE3l-sqbB-wzJnsFURKqif9","","","https://drive.google.com/file/d/1HwccjLTzyxE3l-sqbB-wzJnsFURKqif9/view"
"slideUrl","1uErRTALlKIRuyYheaER6-3IifhKBNORF","","","https://drive.google.com/file/d/1uErRTALlKIRuyYheaER6-3IifhKBNORF/view"
"videoUrl","1-zy_FLQa8f_UoGr06kKfVAvrnlVnm76r","","","https://drive.google.com/file/d/1-zy_FLQa8f_UoGr06kKfVAvrnlVnm76r/view"
"slideUrl","1S-enwZCbbqJAINCRAwkKgdz9_gNJVoxQ","","","https://drive.google.com/file/d/1S-enwZCbbqJAINCRAwkKgdz9_gNJVoxQ/view"
"videoUrl","1aNbSF5YWMhMomKAS0IItMwYOWcsQY38q","","","https://drive.google.com/file/d/1aNbSF5YWMhMomKAS0IItMwYOWcsQY38q/view"
"slideUrl","1YOTh4KnwqRcKvoetDw_RTexGrhDgfZ9f","","","https://drive.google.com/file/d/1YOTh4KnwqRcKvoetDw_RTexGrhDgfZ9f/view"
"videoUrl","1_RgviOb21rPatxgXeUJw8OyUDpvibb-f","","","https://drive.google.com/file/d/1_RgviOb21rPatxgXeUJw8OyUDpvibb-f/view"
"slideUrl","1ak3TA3tngYbd09YxT8h99dz2hcZ8UiWv","","","https://drive.google.com/file/d/1ak3TA3tngYbd09YxT8h99dz2hcZ8UiWv/view"
"videoUrl","1rhQF2Yx61hSZ-JxsHoxXwpYrb84cjCqA","","","https://drive.google.com/file/d/1rhQF2Yx61hSZ-JxsHoxXwpYrb84cjCqA/view"
"slideUrl","1HztU2OsKMd73V3rpdVkDLEDPr67smeTd","","","https://drive.google.com/file/d/1HztU2OsKMd73V3rpdVkDLEDPr67smeTd/view"
"videoUrl","1NMr4a3KSWnACcpf2fl07z6vm79ur3K_t","","","https://drive.google.com/file/d/1NMr4a3KSWnACcpf2fl07z6vm79ur3K_t/view"
"slideUrl","1ciQA0nQn-JIjDa0aoWhYW2a7buK-7D3F","","","https://drive.google.com/file/d/1ciQA0nQn-JIjDa0aoWhYW2a7buK-7D3F/view"
"videoUrl","1eFwgilCgeUKg9UYZrg3JIfy2oi9Kz6Gg","","","https://drive.google.com/file/d/1eFwgilCgeUKg9UYZrg3JIfy2oi9Kz6Gg/view"
"slideUrl","13IQJuLy0iMCS8Bup-DWN5GgMtxE6JKvG","","","https://drive.google.com/file/d/13IQJuLy0iMCS8Bup-DWN5GgMtxE6JKvG/view"
"videoUrl","1NUSaQKY8ZklnJyQdJCglKsH1pd2BAaVN","","","https://drive.google.com/file/d/1NUSaQKY8ZklnJyQdJCglKsH1pd2BAaVN/view"
"slideUrl","1eIk1XrPfG_oUcBCG05Jb5S6-7cG0jeR3","","","https://drive.google.com/file/d/1eIk1XrPfG_oUcBCG05Jb5S6-7cG0jeR3/view"
"videoUrl","14eO-wPx0SAsJAlc7qhFcuaxRUVjrsnYO","","","https://drive.google.com/file/d/14eO-wPx0SAsJAlc7qhFcuaxRUVjrsnYO/view"
"slideUrl","1N_Ca_67CzVhvg_Gk3j4c9CvvqISJRHSe","","","https://drive.google.com/file/d/1N_Ca_67CzVhvg_Gk3j4c9CvvqISJRHSe/view"
"videoUrl","1tJ2oAM2lMHJAp-VGKk4aMaCHhnQ73489","","","https://drive.google.com/file/d/1tJ2oAM2lMHJAp-VGKk4aMaCHhnQ73489/view"
"slideUrl","1xeDEs7j1cLvP2vyHsFq5aqDnXqKhaB9U","","","https://drive.google.com/file/d/1xeDEs7j1cLvP2vyHsFq5aqDnXqKhaB9U/view"
"videoUrl","1EqjKeNX-K_g1PMKruI6H0MNr5qCyz0FJ","","","https://drive.google.com/file/d/1EqjKeNX-K_g1PMKruI6H0MNr5qCyz0FJ/view"
"slideUrl","1Pesz5d40Jap7ng0gr95iJN4I7nJjlGYW","","","https://drive.google.com/file/d/1Pesz5d40Jap7ng0gr95iJN4I7nJjlGYW/view"
"videoUrl","1bEg5xxybpCofq_PPRtwVqxgd2XfqVHf4","","","https://drive.google.com/file/d/1bEg5xxybpCofq_PPRtwVqxgd2XfqVHf4/view"
"slideUrl","1nN0zmI_CwDeMlmPiHHHSlHplTVi-R9Mr","","","https://drive.google.com/file/d/1nN0zmI_CwDeMlmPiHHHSlHplTVi-R9Mr/view"
"videoUrl","1eJeNa8m11DW1pQzNNayPub2PCXro9tpU","","","https://drive.google.com/file/d/1eJeNa8m11DW1pQzNNayPub2PCXro9tpU/view"
"slideUrl","1Pi_FncYjbV6GeilkVrqCBSlECfuGW0cJ","","","https://drive.google.com/file/d/1Pi_FncYjbV6GeilkVrqCBSlECfuGW0cJ/view"
"videoUrl","15urKUSMefX31wrvSYSQuTiKnlt07HJ2J","","","https://drive.google.com/file/d/15urKUSMefX31wrvSYSQuTiKnlt07HJ2J/view"
"slideUrl","1VhANU8y-CCtKemV1OF8kKE6lE2udy1Bo","","","https://drive.google.com/file/d/1VhANU8y-CCtKemV1OF8kKE6lE2udy1Bo/view"
"videoUrl","1JdVB21i1LTHWLPRiCTN4VZTvl1OAtc1E","","","https://drive.google.com/file/d/1JdVB21i1LTHWLPRiCTN4VZTvl1OAtc1E/view"
"slideUrl","1L24siE8KWPkBcS-Xi3MXF5rd50peqsbJ","","","https://drive.google.com/file/d/1L24siE8KWPkBcS-Xi3MXF5rd50peqsbJ/view"
"videoUrl","10fNF0kWv9g9nulJu4fVQXkyhvsexCBsN","","","https://drive.google.com/file/d/10fNF0kWv9g9nulJu4fVQXkyhvsexCBsN/view"
"slideUrl","1fjz6RZzFc_TnKv1IsfJRpfsRt5xjb77V","","","https://drive.google.com/file/d/1fjz6RZzFc_TnKv1IsfJRpfsRt5xjb77V/view"
"videoUrl","10y5_K6fYj5G9t-8zw0S1DBUkyP9nkJJ-","","","https://drive.google.com/file/d/10y5_K6fYj5G9t-8zw0S1DBUkyP9nkJJ-/view"
"slideUrl","1uXsNjfIf-WQrlFGU5iUcRzDPLiWSsyDh","","","https://drive.google.com/file/d/1uXsNjfIf-WQrlFGU5iUcRzDPLiWSsyDh/view"
"videoUrl","1_c8Y5G9c70HO8fCvQH_Mf62iPfrCD8kw","","","https://drive.google.com/file/d/1_c8Y5G9c70HO8fCvQH_Mf62iPfrCD8kw/view"
"slideUrl","1iVHEa9zm2sss2DO7ZIYOxpPax2EPwd29","","","https://drive.google.com/file/d/1iVHEa9zm2sss2DO7ZIYOxpPax2EPwd29/view"
"videoUrl","1P_bpVMossQzNWSjVnIDv5bGewV5awQDM","","","https://drive.google.com/file/d/1P_bpVMossQzNWSjVnIDv5bGewV5awQDM/view"
"slideUrl","10FwKqz4u15jME1_7NsnOV2XZVNG67Zxc","","","https://drive.google.com/file/d/10FwKqz4u15jME1_7NsnOV2XZVNG67Zxc/view"
"videoUrl","1FDY4QWLim1CND-A7jFbz2gfi4cVMOYl0","","","https://drive.google.com/file/d/1FDY4QWLim1CND-A7jFbz2gfi4cVMOYl0/view"
"slideUrl","1I-SWaPIXJGYfCp2gscX4ASGTIoZe1QWM","","","https://drive.google.com/file/d/1I-SWaPIXJGYfCp2gscX4ASGTIoZe1QWM/view"
"videoUrl","155sA-8Q4csGhTUlOy9eALml99btnySOR","","","https://drive.google.com/file/d/155sA-8Q4csGhTUlOy9eALml99btnySOR/view"
"slideUrl","1tuwud0sCl9gHxr8GhYR83geXUrJ5Kuj6","","","https://drive.google.com/file/d/1tuwud0sCl9gHxr8GhYR83geXUrJ5Kuj6/view"
"videoUrl","1VpOJTQhpaefhalKu_196xHST9DdtKQGb","","","https://drive.google.com/file/d/1VpOJTQhpaefhalKu_196xHST9DdtKQGb/view"
"slideUrl","18UVQs1m0MqHUBBexOYFj8L2qG6oToAOl","","","https://drive.google.com/file/d/18UVQs1m0MqHUBBexOYFj8L2qG6oToAOl/view"
"videoUrl","1Nb32KpazB5K5Z_hbnhOSzIxtW8FLvCCv","","","https://drive.google.com/file/d/1Nb32KpazB5K5Z_hbnhOSzIxtW8FLvCCv/view"
"slideUrl","1lNDZv6FGS_7Pv1oROwK-0S5F1BAydflh","","","https://drive.google.com/file/d/1lNDZv6FGS_7Pv1oROwK-0S5F1BAydflh/view"
"videoUrl","1ogm0hrPE_6xtM0VCUEDK2pUNjDzIJlvK","","","https://drive.google.com/file/d/1ogm0hrPE_6xtM0VCUEDK2pUNjDzIJlvK/view"
"slideUrl","1Gm5L7XtT1vXAtJHsc5E-j27swL1P9o8r","","","https://drive.google.com/file/d/1Gm5L7XtT1vXAtJHsc5E-j27swL1P9o8r/view"
"videoUrl","11kP-X8ROnlTPFl2tboseXEfZdz_NaqLX","","","https://drive.google.com/file/d/11kP-X8ROnlTPFl2tboseXEfZdz_NaqLX/view"
"slideUrl","1s8CnBVT2JG3-bOGmyQn8VQxtgQ4v7Fwr","","","https://drive.google.com/file/d/1s8CnBVT2JG3-bOGmyQn8VQxtgQ4v7Fwr/view"
"videoUrl","1AI74jN918m6KU899by_qkFGR7jGqJdVL","","","https://drive.google.com/file/d/1AI74jN918m6KU899by_qkFGR7jGqJdVL/view"
"slideUrl","1hfxXqN18BE46OH4BK_fQG2Fu-CCfeLxe","","","https://drive.google.com/file/d/1hfxXqN18BE46OH4BK_fQG2Fu-CCfeLxe/view"
"videoUrl","1TZIHXUQP5NtzYGFhv7zS81UxQXNgPksw","","","https://drive.google.com/file/d/1TZIHXUQP5NtzYGFhv7zS81UxQXNgPksw/view"
"slideUrl","15m1UQU3N_j88fwqhjfmq300m8Jxey6jU","","","https://drive.google.com/file/d/15m1UQU3N_j88fwqhjfmq300m8Jxey6jU/view"
"videoUrl","1W0vpJZITIK2jiQuiPHBb2bKmE4-dmD-n","","","https://drive.google.com/file/d/1W0vpJZITIK2jiQuiPHBb2bKmE4-dmD-n/view"
"slideUrl","1zTLmMXZfp5OrdEhwx6OmPvb86z5YJCJs","","","https://drive.google.com/file/d/1zTLmMXZfp5OrdEhwx6OmPvb86z5YJCJs/view"
"videoUrl","1J6AoF3Xsx8K2ttBP6sVItibjgXn80HRM","","","https://drive.google.com/file/d/1J6AoF3Xsx8K2ttBP6sVItibjgXn80HRM/view"
"slideUrl","1b0m-Ae5ZX8Eq1X4ghWlwv4o3tlsAse4_","","","https://drive.google.com/file/d/1b0m-Ae5ZX8Eq1X4ghWlwv4o3tlsAse4_/view"
"videoUrl","1Eu8uNrKMmcxXjKofi6FsFHeYNCH8hUj0","","","https://drive.google.com/file/d/1Eu8uNrKMmcxXjKofi6FsFHeYNCH8hUj0/view"
"slideUrl","1tXitfHqUZy-Ckwjw3i5TqBFuadku_-6i","","","https://drive.google.com/file/d/1tXitfHqUZy-Ckwjw3i5TqBFuadku_-6i/view"
"videoUrl","1HA_OmtbgMyGmKMzU96PiUHhuYa1zxd0P","","","https://drive.google.com/file/d/1HA_OmtbgMyGmKMzU96PiUHhuYa1zxd0P/view"
"slideUrl","11PzgtVferOiPV65X7r8PFHjyvMnLf7C6","","","https://drive.google.com/file/d/11PzgtVferOiPV65X7r8PFHjyvMnLf7C6/view"
"videoUrl","17r1ac5mDTemW_VxA-FgeZBDUMiG3Ckie","","","https://drive.google.com/file/d/17r1ac5mDTemW_VxA-FgeZBDUMiG3Ckie/view"
"slideUrl","1jVa9dGl41GKPcLkm8dr_eURKGjdC_Rtv","","","https://drive.google.com/file/d/1jVa9dGl41GKPcLkm8dr_eURKGjdC_Rtv/view"
"videoUrl","1ATO2FmUAXQ_m_VoFKpiyAUy14wcQveIC","","","https://drive.google.com/file/d/1ATO2FmUAXQ_m_VoFKpiyAUy14wcQveIC/view"
"slideUrl","1tRbCTYbczxrvGHatJOaxnsNP32niSfqN","","","https://drive.google.com/file/d/1tRbCTYbczxrvGHatJOaxnsNP32niSfqN/view"
"videoUrl","1lDTNVOt7BJFQCXb-SIw6jrlTlf8-6v2a","","","https://drive.google.com/file/d/1lDTNVOt7BJFQCXb-SIw6jrlTlf8-6v2a/view"
"slideUrl","18AfO1pYRtQJJe06Tic8cm3QUD5vqhJfm","","","https://drive.google.com/file/d/18AfO1pYRtQJJe06Tic8cm3QUD5vqhJfm/view"
"videoUrl","15n6iZJF3zDSTXCdB_xI_DfP6hjs390V-","","","https://drive.google.com/file/d/15n6iZJF3zDSTXCdB_xI_DfP6hjs390V-/view"
"slideUrl","1Ty-TXHCNk42YfuVg_PE0p3dK3bRoS37b","","","https://drive.google.com/file/d/1Ty-TXHCNk42YfuVg_PE0p3dK3bRoS37b/view"
"videoUrl","1G3JnuQUMMJmd8KackJEt3awrSCjwy8oG","","","https://drive.google.com/file/d/1G3JnuQUMMJmd8KackJEt3awrSCjwy8oG/view"
"slideUrl","1gb4Lt9QvFxDQg2sh6US3YaMJwN-6W7n7","","","https://drive.google.com/file/d/1gb4Lt9QvFxDQg2sh6US3YaMJwN-6W7n7/view"
"videoUrl","1GBxXrfu5YKoc9ysuSgtgsNkyCbsNLJ8z","","","https://drive.google.com/file/d/1GBxXrfu5YKoc9ysuSgtgsNkyCbsNLJ8z/view"
"slideUrl","1zZDdPg_dY6A0i0VCyLyKM-lU432Twbvo","","","https://drive.google.com/file/d/1zZDdPg_dY6A0i0VCyLyKM-lU432Twbvo/view"
"videoUrl","1EX36XRMaXrmMELuQJZI9Qka_4sjkXnbS","","","https://drive.google.com/file/d/1EX36XRMaXrmMELuQJZI9Qka_4sjkXnbS/view"
"slideUrl","1I_au9Jjdk12_bf5uAaAL5xkb0pJIRG6X","","","https://drive.google.com/file/d/1I_au9Jjdk12_bf5uAaAL5xkb0pJIRG6X/view"
"videoUrl","1tkMzDOE4M84ij295Xa10gVBKTGv2DhF5","","","https://drive.google.com/file/d/1tkMzDOE4M84ij295Xa10gVBKTGv2DhF5/view"
"slideUrl","1ulaXJFO5QfVlFwC9L30_FdsEEkmilSwp","","","https://drive.google.com/file/d/1ulaXJFO5QfVlFwC9L30_FdsEEkmilSwp/view"
"videoUrl","1ILMuW5OGXPS_93TEDYqkC_AWqFtl-a0q","","","https://drive.google.com/file/d/1ILMuW5OGXPS_93TEDYqkC_AWqFtl-a0q/view"
"slideUrl","1huoP3QFmvJm3o0kyMsh6EJ9cF7ZRDZGk","","","https://drive.google.com/file/d/1huoP3QFmvJm3o0kyMsh6EJ9cF7ZRDZGk/view"
"videoUrl","1rsX-6J6tLOn6FyoiU2xZZDhKdpMxFlM7","","","https://drive.google.com/file/d/1rsX-6J6tLOn6FyoiU2xZZDhKdpMxFlM7/view"
"slideUrl","1sx4S8vlCcXkFYXjfK0IVHQ3GnZVmq1Rt","","","https://drive.google.com/file/d/1sx4S8vlCcXkFYXjfK0IVHQ3GnZVmq1Rt/view"
"videoUrl","1zaq6wkf3NRDLt30_1xF-5DpNWPTw2WHD","","","https://drive.google.com/file/d/1zaq6wkf3NRDLt30_1xF-5DpNWPTw2WHD/view"
"videoUrl","1LzhfcTo7ERhfphMN7WEicTwFg0wA2Fyg","","","https://drive.google.com/file/d/1LzhfcTo7ERhfphMN7WEicTwFg0wA2Fyg/view"
"slideUrl","1q-_BPEpqkw5dZvyC_oIZ-TLyWittPGLG","","","https://docs.google.com/presentation/d/1q-_BPEpqkw5dZvyC_oIZ-TLyWittPGLG/edit"
"videoUrl","1dqLsQMaBmXTU2WnVPl3e7g3T7vu9fraZ","","","https://drive.google.com/file/d/1dqLsQMaBmXTU2WnVPl3e7g3T7vu9fraZ/view"
"slideUrl","1YO-Io2lQuxfrVEZEnSYxJr0IIbt7xv9O","","","https://drive.google.com/file/d/1YO-Io2lQuxfrVEZEnSYxJr0IIbt7xv9O/view"
"videoUrl","1gGd2FhXy6-b1KBo_lCKxJYgceEfhDKHH","","","https://drive.google.com/file/d/1gGd2FhXy6-b1KBo_lCKxJYgceEfhDKHH/view"
"slideUrl","1E_fxtEfL3nmo7qyfuJ0X8cHTAZ_XJWX_","","","https://drive.google.com/file/d/1E_fxtEfL3nmo7qyfuJ0X8cHTAZ_XJWX_/view"
"videoUrl","1Q3DRYRhBEYgQEtOVmMtVBAexkbczvdqr","","","https://drive.google.com/file/d/1Q3DRYRhBEYgQEtOVmMtVBAexkbczvdqr/view"
"slideUrl","1VlFczZ7bsAWDy5MvlkGnWCJsmf866WlX","","","https://drive.google.com/file/d/1VlFczZ7bsAWDy5MvlkGnWCJsmf866WlX/view"
"videoUrl","11CLIjfSWN8Ly21-fL2oxd3P6-fnuHpSy","","","https://drive.google.com/file/d/11CLIjfSWN8Ly21-fL2oxd3P6-fnuHpSy/view"
"slideUrl","1cwoXqcrjxqnuRcNTJwr9ZhM9evXCuDzD","","","https://drive.google.com/file/d/1cwoXqcrjxqnuRcNTJwr9ZhM9evXCuDzD/view"
"videoUrl","1nkc32DP8-9PkwFQGtAVLto2vwSbUStaK","","","https://drive.google.com/file/d/1nkc32DP8-9PkwFQGtAVLto2vwSbUStaK/view"
"slideUrl","1VTZarHS56fvGQ-_0tkKNrY5J-w4cOllf","","","https://drive.google.com/file/d/1VTZarHS56fvGQ-_0tkKNrY5J-w4cOllf/view"
"videoUrl","1PiZ9Nl14ZsCtXTtZGFcbKDmO-JJMfSZg","","","https://drive.google.com/file/d/1PiZ9Nl14ZsCtXTtZGFcbKDmO-JJMfSZg/view"
"slideUrl","1Drm5fBJW11XW4D-rZKgHb7GjKxmFf8bY","","","https://drive.google.com/file/d/1Drm5fBJW11XW4D-rZKgHb7GjKxmFf8bY/view"
"videoUrl","10kJCFWMqGPc7bfy4eFzmjL8R9NCoRY-Q","","","https://drive.google.com/file/d/10kJCFWMqGPc7bfy4eFzmjL8R9NCoRY-Q/view"
"slideUrl","1kHmkLwEk-cVLc4y0lXpZnurjV__L3VU6","","","https://drive.google.com/file/d/1kHmkLwEk-cVLc4y0lXpZnurjV__L3VU6/view"
"videoUrl","1ywojr9zJMyLPBVO6_0c-uJ9eKaaSknWC","","","https://drive.google.com/file/d/1ywojr9zJMyLPBVO6_0c-uJ9eKaaSknWC/view"
"slideUrl","1gMO6Jn56ZYNhtQriDym4FYBn6OfdnXhK","","","https://drive.google.com/file/d/1gMO6Jn56ZYNhtQriDym4FYBn6OfdnXhK/view"
"videoUrl","1fJE-dH-zXRdh-PIiBX6zuB_xmgj66uTB","","","https://drive.google.com/file/d/1fJE-dH-zXRdh-PIiBX6zuB_xmgj66uTB/view"
"slideUrl","1h53EYR4Nxx555x1cjDyYTcieC5r528ue","","","https://drive.google.com/file/d/1h53EYR4Nxx555x1cjDyYTcieC5r528ue/view"
"videoUrl","1wVWI5YGBPsjMlpD07Q8UwMxzVQvtN3yG","","","https://drive.google.com/file/d/1wVWI5YGBPsjMlpD07Q8UwMxzVQvtN3yG/view"
"slideUrl","1zWhRgMzBceFhb0p8CXvLjFC-nBus0TS7","","","https://drive.google.com/file/d/1zWhRgMzBceFhb0p8CXvLjFC-nBus0TS7/view"
"videoUrl","17a3EMJpqPIsbe_wid5Q2KArAb-gTMEi2","","","https://drive.google.com/file/d/17a3EMJpqPIsbe_wid5Q2KArAb-gTMEi2/view"
"slideUrl","10Fb16pf1mg3R1Otha8ZM3pgBiT_Ee2Si","","","https://drive.google.com/file/d/10Fb16pf1mg3R1Otha8ZM3pgBiT_Ee2Si/view"
"videoUrl","1GJMSeDZYaZT5Ttgm2oXrQGdu1LQDme9_","","","https://drive.google.com/file/d/1GJMSeDZYaZT5Ttgm2oXrQGdu1LQDme9_/view"
"slideUrl","1MSMD8GqAc0-3gIzIjqc2pLhVo2pFIqX_","","","https://drive.google.com/file/d/1MSMD8GqAc0-3gIzIjqc2pLhVo2pFIqX_/view"
"videoUrl","1gp85gQl55DkW-gVF7VOXTx6kF5xSI3nt","","","https://drive.google.com/file/d/1gp85gQl55DkW-gVF7VOXTx6kF5xSI3nt/view"
"slideUrl","19--oGQ15bVTTZnay6bmJITvaHlyEEZyr","","","https://drive.google.com/file/d/19--oGQ15bVTTZnay6bmJITvaHlyEEZyr/view"
"videoUrl","1Y_7RZGPize-hyGspOKYvvSGp1XUAnRWv","","","https://drive.google.com/file/d/1Y_7RZGPize-hyGspOKYvvSGp1XUAnRWv/view"
"slideUrl","1y0OuL7p0wCUabONsvutUlDb7oCrlXXQw","","","https://drive.google.com/file/d/1y0OuL7p0wCUabONsvutUlDb7oCrlXXQw/view"
"videoUrl","12d_CfoVyUAIVmR3sC_t8JdXBhZRsBxPC","","","https://drive.google.com/file/d/12d_CfoVyUAIVmR3sC_t8JdXBhZRsBxPC/view"
"slideUrl","1SPnhxBjDl5Nry7gtSgz12IIr6_o6qAwH","","","https://drive.google.com/file/d/1SPnhxBjDl5Nry7gtSgz12IIr6_o6qAwH/view"
"videoUrl","1DMCvEAhAtqIPtc7royutdpyef9nRukUr","","","https://drive.google.com/file/d/1DMCvEAhAtqIPtc7royutdpyef9nRukUr/view"
"slideUrl","1RNz2xgWCwOnWliduHZHhOFSM3VsNdFgy","","","https://drive.google.com/file/d/1RNz2xgWCwOnWliduHZHhOFSM3VsNdFgy/view"
"videoUrl","1Cg9RiBm1r4x_H-HkyJpnTqoneAmSmYF-","","","https://drive.google.com/file/d/1Cg9RiBm1r4x_H-HkyJpnTqoneAmSmYF-/view"
"slideUrl","1wrzfiXeedtob0Z6FDhafmQq4E93782SS","","","https://drive.google.com/file/d/1wrzfiXeedtob0Z6FDhafmQq4E93782SS/view"
"videoUrl","1el07Dtzp8wLrg8Cc5d91EeZEsgwn29dv","","","https://drive.google.com/file/d/1el07Dtzp8wLrg8Cc5d91EeZEsgwn29dv/view"
"slideUrl","1zxdPB0j06gaQP7XaDbPtCZ_3VfgOXRlF","","","https://drive.google.com/file/d/1zxdPB0j06gaQP7XaDbPtCZ_3VfgOXRlF/view"
"videoUrl","1YyckJvwwTEST2bZEGALxTEnCiXpB4qwr","","","https://drive.google.com/file/d/1YyckJvwwTEST2bZEGALxTEnCiXpB4qwr/view"
"slideUrl","1RB1lQ-34oFwLrQTb0C8s1dGXuuoaJtrc","","","https://drive.google.com/file/d/1RB1lQ-34oFwLrQTb0C8s1dGXuuoaJtrc/view"
"videoUrl","1KSJb9ze5IvYZNeVkNM3HNyTEgxE41AUD","","","https://drive.google.com/file/d/1KSJb9ze5IvYZNeVkNM3HNyTEgxE41AUD/view"
"slideUrl","11tHAcO88RFL1Dw3Q2Jz0PkTkc4F3hDpH","","","https://drive.google.com/file/d/11tHAcO88RFL1Dw3Q2Jz0PkTkc4F3hDpH/view"
"videoUrl","1aFZ0dRePd9cET-8N9DazfaYFil2OgzBS","","","https://drive.google.com/file/d/1aFZ0dRePd9cET-8N9DazfaYFil2OgzBS/view"
"slideUrl","1H_2gMaebu5AgE9LNHtlX7Oju7GP60UKF","","","https://drive.google.com/file/d/1H_2gMaebu5AgE9LNHtlX7Oju7GP60UKF/view"
"videoUrl","11YvixGUe82I1cjabXs-ZQc_iHNiHzLRm","","","https://drive.google.com/file/d/11YvixGUe82I1cjabXs-ZQc_iHNiHzLRm/view"
"slideUrl","1ryK7FwS-lEn8qcNtbA87dDxih5dmzuS7","","","https://drive.google.com/file/d/1ryK7FwS-lEn8qcNtbA87dDxih5dmzuS7/view"
"videoUrl","1Ca9SNzkfXK6KpreOzTOejyQbL9FteoAP","","","https://drive.google.com/file/d/1Ca9SNzkfXK6KpreOzTOejyQbL9FteoAP/view"
"slideUrl","1EnIX-UoKtAH_5SNdzng34WMmo6nElX-7","","","https://drive.google.com/file/d/1EnIX-UoKtAH_5SNdzng34WMmo6nElX-7/view"
"videoUrl","1UR-AVHH2VivZSmxzH_zkHaBifT1nTO0d","","","https://drive.google.com/file/d/1UR-AVHH2VivZSmxzH_zkHaBifT1nTO0d/view"
"slideUrl","19HPL__7K-sToHWOSdGBUqqD32eNNuqab","","","https://drive.google.com/file/d/19HPL__7K-sToHWOSdGBUqqD32eNNuqab/view"
"videoUrl","1y0EhPnaRnHm05PgZKQ03WO64kEs4gE6a","","","https://drive.google.com/file/d/1y0EhPnaRnHm05PgZKQ03WO64kEs4gE6a/view"
"slideUrl","1Js4nWFjXWNcYoDyDqquvpgUuTAfS4-6a","","","https://drive.google.com/file/d/1Js4nWFjXWNcYoDyDqquvpgUuTAfS4-6a/view"
"videoUrl","1q8-9w81903BlRGGrx0yMB0fVm_p8WR-c","","","https://drive.google.com/file/d/1q8-9w81903BlRGGrx0yMB0fVm_p8WR-c/view"
"slideUrl","1524EpKnZBe3rpUYtX_SjC-ncNXhFc5Dy","","","https://drive.google.com/file/d/1524EpKnZBe3rpUYtX_SjC-ncNXhFc5Dy/view"
"videoUrl","1ysvU5aVEDAtMOfHhgNJuLXXZGHjTJZX0","","","https://drive.google.com/file/d/1ysvU5aVEDAtMOfHhgNJuLXXZGHjTJZX0/view"
"slideUrl","179NEsmzf_MhgTZQ1TnHEaUfbs_Pj6QFi","","","https://drive.google.com/file/d/179NEsmzf_MhgTZQ1TnHEaUfbs_Pj6QFi/view"
"videoUrl","1DN4rttqaCwNiSeEIQittw4mgToIWjuCw","","","https://drive.google.com/file/d/1DN4rttqaCwNiSeEIQittw4mgToIWjuCw/view"
"slideUrl","1AtpppXaTtDJWix5n9FYeDs8FgKtGDOym","","","https://drive.google.com/file/d/1AtpppXaTtDJWix5n9FYeDs8FgKtGDOym/view"
"videoUrl","1Xd-LwJ-tU_995O0oXwDcwvYRoz-yZhDk","","","https://drive.google.com/file/d/1Xd-LwJ-tU_995O0oXwDcwvYRoz-yZhDk/view"
"slideUrl","1bERdbU-5dSogADTJZ0N3K2Nq137OUvef","","","https://drive.google.com/file/d/1bERdbU-5dSogADTJZ0N3K2Nq137OUvef/view"
"videoUrl","1zyFAavzEFoYsg1kuGw7sDNg7SUzVZgmn","","","https://drive.google.com/file/d/1zyFAavzEFoYsg1kuGw7sDNg7SUzVZgmn/view"
"slideUrl","1jiZEmba0q-V7rUsIjQCEEsAY_T4xR2LM","","","https://drive.google.com/file/d/1jiZEmba0q-V7rUsIjQCEEsAY_T4xR2LM/view"
"videoUrl","1tiFgmHHU5bH62prAEi-qrK8xdKGHxabb","","","https://drive.google.com/file/d/1tiFgmHHU5bH62prAEi-qrK8xdKGHxabb/view"
"slideUrl","1m2xd83sOlhJDCQ8rMq1VA4GWIW_Tk2go","","","https://drive.google.com/file/d/1m2xd83sOlhJDCQ8rMq1VA4GWIW_Tk2go/view"
"videoUrl","10O5rrqbvJs1a_2-RbeuN4R6oMr0X8w6C","","","https://drive.google.com/file/d/10O5rrqbvJs1a_2-RbeuN4R6oMr0X8w6C/view"
"slideUrl","16a3pr5yVDh1MBO2Ews4UpcpFwgo3n4bA","","","https://drive.google.com/file/d/16a3pr5yVDh1MBO2Ews4UpcpFwgo3n4bA/view"
"videoUrl","1MOHYLpd_dYdObVO-0QxaHz0EALC_IsCq","","","https://drive.google.com/file/d/1MOHYLpd_dYdObVO-0QxaHz0EALC_IsCq/view"
"slideUrl","18tE5jJhcuSTIKEc1HQo2jc9OEtAL8pD7","","","https://drive.google.com/file/d/18tE5jJhcuSTIKEc1HQo2jc9OEtAL8pD7/view"
"videoUrl","16peNgBA3uwM-ouAZeDK_GxQQiKpETZUx","","","https://drive.google.com/file/d/16peNgBA3uwM-ouAZeDK_GxQQiKpETZUx/view"
"slideUrl","1tuNsbn84HGZ-Y0rzdVNb3Jhq9r5yHr2Y","","","https://drive.google.com/file/d/1tuNsbn84HGZ-Y0rzdVNb3Jhq9r5yHr2Y/view"
"videoUrl","1k7EERdqVobdlbvfPvAi8_y_4zGZvG3w-","","","https://drive.google.com/file/d/1k7EERdqVobdlbvfPvAi8_y_4zGZvG3w-/view"
"slideUrl","1YB8SEN3vAcdEZ42I_oCh10qCuV2DHmn1","","","https://drive.google.com/file/d/1YB8SEN3vAcdEZ42I_oCh10qCuV2DHmn1/view"
"videoUrl","1fCfhqv6B_NL4kxAOUzQO1oYJQ8fuGymx","","","https://drive.google.com/file/d/1fCfhqv6B_NL4kxAOUzQO1oYJQ8fuGymx/view"
"slideUrl","1kqdUEyV7nFOFE4lOQ6mKgA_o-mj-VLu7","","","https://drive.google.com/file/d/1kqdUEyV7nFOFE4lOQ6mKgA_o-mj-VLu7/view"
"videoUrl","16ysNAzOlM0YOv_m3qGzA5brR18SfqJyy","","","https://drive.google.com/file/d/16ysNAzOlM0YOv_m3qGzA5brR18SfqJyy/view"
"slideUrl","14kB7JtyHVbPgg8RnZbFsgewV-CRyTWTE","","","https://drive.google.com/file/d/14kB7JtyHVbPgg8RnZbFsgewV-CRyTWTE/view"
"videoUrl","1A93m6yw-AVLWGxGHO20nCN6GBh8ytRCj","","","https://drive.google.com/file/d/1A93m6yw-AVLWGxGHO20nCN6GBh8ytRCj/view"
"slideUrl","1EOaop-otT4j0rI4tWeLcG7t7dn7S1E6B","","","https://drive.google.com/file/d/1EOaop-otT4j0rI4tWeLcG7t7dn7S1E6B/view"
"videoUrl","1aQCXhJyzmkmxnISQBmdw5xIQgOpLh6k0","","","https://drive.google.com/file/d/1aQCXhJyzmkmxnISQBmdw5xIQgOpLh6k0/view"
"slideUrl","15cec7JrA9t3FdvkSzYjwgFErfzI29g0M","","","https://drive.google.com/file/d/15cec7JrA9t3FdvkSzYjwgFErfzI29g0M/view"
"videoUrl","1csV3KTXQrsomhAkd5CutuhmuwE2NEH4n","","","https://drive.google.com/file/d/1csV3KTXQrsomhAkd5CutuhmuwE2NEH4n/view"
"slideUrl","1R4FdTJQKcO93XS_AeIWfFaaKBK__svZ0","","","https://drive.google.com/file/d/1R4FdTJQKcO93XS_AeIWfFaaKBK__svZ0/view"
"videoUrl","1eRxgFWTXPtxaSeAIpgAUpIy-RjWyt-pO","","","https://drive.google.com/file/d/1eRxgFWTXPtxaSeAIpgAUpIy-RjWyt-pO/view"
"slideUrl","19OmHviNn8kr4zMpmO9R0tGwz_U2kkgx7","","","https://drive.google.com/file/d/19OmHviNn8kr4zMpmO9R0tGwz_U2kkgx7/view"
"videoUrl","1YsEDCVQhV9b6MOGmErJnr8ZYkeCn6_2u","","","https://drive.google.com/file/d/1YsEDCVQhV9b6MOGmErJnr8ZYkeCn6_2u/view"
"slideUrl","1fw81CGyuRTwQwkamt3JYCgNOFbxSuDPA","","","https://drive.google.com/file/d/1fw81CGyuRTwQwkamt3JYCgNOFbxSuDPA/view"
"videoUrl","1eS9FVozxIcytlAat3jBdV3EIJRROjzIf","","","https://drive.google.com/file/d/1eS9FVozxIcytlAat3jBdV3EIJRROjzIf/view"
"slideUrl","16uz_-hJgPt3SXfqK4FBH2JDhNhwJ3TU5","","","https://drive.google.com/file/d/16uz_-hJgPt3SXfqK4FBH2JDhNhwJ3TU5/view"
"videoUrl","19UMj_q2UiHwVvvWmmrvPNGNuWrQPkygB","","","https://drive.google.com/file/d/19UMj_q2UiHwVvvWmmrvPNGNuWrQPkygB/view"
"slideUrl","1i21RO2T0ZEQQvA38H2AU_1POQK8jcyjq","","","https://drive.google.com/file/d/1i21RO2T0ZEQQvA38H2AU_1POQK8jcyjq/view"
"videoUrl","1mGvZuTL632W0-uQlBIIXaMegmWYTHDBP","","","https://drive.google.com/file/d/1mGvZuTL632W0-uQlBIIXaMegmWYTHDBP/view"
"slideUrl","1BB0KKWFjwcaQb8uNbORk_JFOIxu2ejhZ","","","https://drive.google.com/file/d/1BB0KKWFjwcaQb8uNbORk_JFOIxu2ejhZ/view"
"videoUrl","1Rl3rptgrW4Po2arkQc_njN-s8y2roFM4","","","https://drive.google.com/file/d/1Rl3rptgrW4Po2arkQc_njN-s8y2roFM4/view"
"slideUrl","1FvmXCrHUs-rKI-TEvx5aMfbd9s2EiH5p","","","https://drive.google.com/file/d/1FvmXCrHUs-rKI-TEvx5aMfbd9s2EiH5p/view"
"videoUrl","1bwpT5oeeXDPvXOjOfv5Ipaugm-YFd7wn","","","https://drive.google.com/file/d/1bwpT5oeeXDPvXOjOfv5Ipaugm-YFd7wn/view"
"slideUrl","1Ha6fD4QTUPVtuzAP5jOLKRhUAOG-l4cb","","","https://drive.google.com/file/d/1Ha6fD4QTUPVtuzAP5jOLKRhUAOG-l4cb/view"
"videoUrl","14C-6lSpQdjHEZdKZiz9APRvG7oUZvPe4","","","https://drive.google.com/file/d/14C-6lSpQdjHEZdKZiz9APRvG7oUZvPe4/view"
"slideUrl","19XLFAvLFkLOiXk9Oj7BKBdFtyJwxhQzd","","","https://drive.google.com/file/d/19XLFAvLFkLOiXk9Oj7BKBdFtyJwxhQzd/view"
"videoUrl","1F8r97-LDXv1R3VcpbuAofd8ogvxNOx35","","","https://drive.google.com/file/d/1F8r97-LDXv1R3VcpbuAofd8ogvxNOx35/view"
"slideUrl","1S-4z1Uk0YCueRWDXWViZvHYqNCbpdizH","","","https://drive.google.com/file/d/1S-4z1Uk0YCueRWDXWViZvHYqNCbpdizH/view"
"videoUrl","141PxCM13QHO36f8U6LAByV-5dpKy-zHu","","","https://drive.google.com/file/d/141PxCM13QHO36f8U6LAByV-5dpKy-zHu/view"
"slideUrl","1Qbx5NeqUEQgCbPMbtFWTENZ2bCbbog5_","","","https://drive.google.com/file/d/1Qbx5NeqUEQgCbPMbtFWTENZ2bCbbog5_/view"
"videoUrl","1EsaXtvnRNOuwgtuf1Kc4_iD-5yjkuYcV","","","https://drive.google.com/file/d/1EsaXtvnRNOuwgtuf1Kc4_iD-5yjkuYcV/view"
"slideUrl","1AVqxUMz0GZXp5Wyd3tz-mZ2vhSyTuPK6","","","https://drive.google.com/file/d/1AVqxUMz0GZXp5Wyd3tz-mZ2vhSyTuPK6/view"
"videoUrl","1o5dUaVLcBVcIUr1XobuFGPc0UL--hg0O","","","https://drive.google.com/file/d/1o5dUaVLcBVcIUr1XobuFGPc0UL--hg0O/view"
"slideUrl","1lrfvwksYDYjl4BfGZ-QmYoNwIE4TV2YI","","","https://drive.google.com/file/d/1lrfvwksYDYjl4BfGZ-QmYoNwIE4TV2YI/view"
"videoUrl","1I4wxzEjyFMKSWK2ro7jxU9lqNQI8DRLQ","","","https://drive.google.com/file/d/1I4wxzEjyFMKSWK2ro7jxU9lqNQI8DRLQ/view"
"slideUrl","1_k94EFuh6A2UoOqL5rt3r45gtpvdH9mO","","","https://drive.google.com/file/d/1_k94EFuh6A2UoOqL5rt3r45gtpvdH9mO/view"
"videoUrl","1gU8sdbWaCMZQcWAWgFR846zUIm7b_ZD3","","","https://drive.google.com/file/d/1gU8sdbWaCMZQcWAWgFR846zUIm7b_ZD3/view"
"slideUrl","1EnNDf2-JdZvb8TeELlsTbWQuD97nzdPq","","","https://drive.google.com/file/d/1EnNDf2-JdZvb8TeELlsTbWQuD97nzdPq/view"
"videoUrl","1Xo1lk9QnEomkelP-xBhepYO8HEz3mjzc","","","https://drive.google.com/file/d/1Xo1lk9QnEomkelP-xBhepYO8HEz3mjzc/view"
"slideUrl","1N7nzEGYhVzd4cQiK7HgWaClO7B2SKIm9","","","https://drive.google.com/file/d/1N7nzEGYhVzd4cQiK7HgWaClO7B2SKIm9/view"
"videoUrl","1VhVU2CE_uTCTGNEAdrjsFO8FaxjyhS5k","","","https://drive.google.com/file/d/1VhVU2CE_uTCTGNEAdrjsFO8FaxjyhS5k/view"
"slideUrl","19U1TdQZS0x4RKFyoVaP8O10zQVeGM4vo","","","https://drive.google.com/file/d/19U1TdQZS0x4RKFyoVaP8O10zQVeGM4vo/view"
"videoUrl","1t7suvnZUxOgk-LiRDRGW6ercYQSYk9GE","","","https://drive.google.com/file/d/1t7suvnZUxOgk-LiRDRGW6ercYQSYk9GE/view"
"slideUrl","1HicQ1nbXvWY8vKttPt-XwtixsLpAknJN","","","https://drive.google.com/file/d/1HicQ1nbXvWY8vKttPt-XwtixsLpAknJN/view"
"videoUrl","1LHEsG6UWWiVn4KTzMATGkg6Dlos4rwHD","","","https://drive.google.com/file/d/1LHEsG6UWWiVn4KTzMATGkg6Dlos4rwHD/view"
"slideUrl","1K9WZK6i5nckpIfDJSsoLhhuZeHyMN2cZ","","","https://drive.google.com/file/d/1K9WZK6i5nckpIfDJSsoLhhuZeHyMN2cZ/view"
"videoUrl","1bGLaFM2k-SUS0OSlKUcKPJfrXjfmaYHm","","","https://drive.google.com/file/d/1bGLaFM2k-SUS0OSlKUcKPJfrXjfmaYHm/view"
"slideUrl","18w2xgTiDXKQeyNeJsiSO_OUJ1RI3tcq2","","","https://drive.google.com/file/d/18w2xgTiDXKQeyNeJsiSO_OUJ1RI3tcq2/view"
"videoUrl","1ewU-frU_2FBmoeb4FJw4Yv16p30ihEp5","","","https://drive.google.com/file/d/1ewU-frU_2FBmoeb4FJw4Yv16p30ihEp5/view"
"slideUrl","15MzypBi1i8BTXSCKX4zfPEa5aXR_Sgz4","","","https://drive.google.com/file/d/15MzypBi1i8BTXSCKX4zfPEa5aXR_Sgz4/view"
"videoUrl","1zYmNA6yP6NgopXlj3Vi3vGnYgX5BUGO5","","","https://drive.google.com/file/d/1zYmNA6yP6NgopXlj3Vi3vGnYgX5BUGO5/view"
"slideUrl","1JAXF4NvDTZ3ceu0yKypIWaqrN9P1Yj3D","","","https://drive.google.com/file/d/1JAXF4NvDTZ3ceu0yKypIWaqrN9P1Yj3D/view"
"videoUrl","1YtSgKC6_HQZYnShkSI21I7W2cjnGWOT3","","","https://drive.google.com/file/d/1YtSgKC6_HQZYnShkSI21I7W2cjnGWOT3/view"
"slideUrl","1u3KlrkBSm90wB2fpOmvbGaH8hQO97DZN","","","https://drive.google.com/file/d/1u3KlrkBSm90wB2fpOmvbGaH8hQO97DZN/view"
"videoUrl","1gEvjNP0JvXW9bapGMAHAHwsFV3zPtgiX","","","https://drive.google.com/file/d/1gEvjNP0JvXW9bapGMAHAHwsFV3zPtgiX/view"
"slideUrl","1LIOz6OyCnifKK2oHOkHCFsxIuc0_3jOM","","","https://drive.google.com/file/d/1LIOz6OyCnifKK2oHOkHCFsxIuc0_3jOM/view"
"videoUrl","1TgUlAnnuGkW1L7ekIO7x40zp8M9WcCv6","","","https://drive.google.com/file/d/1TgUlAnnuGkW1L7ekIO7x40zp8M9WcCv6/view"
"slideUrl","1IjGXlrvDTNW5uCG4kG4XF6DjydEOdo1P","","","https://drive.google.com/file/d/1IjGXlrvDTNW5uCG4kG4XF6DjydEOdo1P/view"
"videoUrl","1_hHOy6UqK1nitVFky5snY6UyoG4iJpPp","","","https://drive.google.com/file/d/1_hHOy6UqK1nitVFky5snY6UyoG4iJpPp/view"
"slideUrl","1SWTrVPIRVq-GuLpHjBTHFzn4EgXfqwHH","","","https://drive.google.com/file/d/1SWTrVPIRVq-GuLpHjBTHFzn4EgXfqwHH/view"
"videoUrl","1T9auL3FpTxnyxca0sNeFbDe-3RbRLx4o","","","https://drive.google.com/file/d/1T9auL3FpTxnyxca0sNeFbDe-3RbRLx4o/view"
"slideUrl","1ZYTuYl6pJJZ1DTvRYoWgtp6z18U2VLPD","","","https://drive.google.com/file/d/1ZYTuYl6pJJZ1DTvRYoWgtp6z18U2VLPD/view"
"videoUrl","1GZHnY3Xlv026nHgnZwxH75PKAt4WJ10N","","","https://drive.google.com/file/d/1GZHnY3Xlv026nHgnZwxH75PKAt4WJ10N/view"
"slideUrl","12491ljxODp6gcYhhE1dYxVfIb4EV9hKh","","","https://drive.google.com/file/d/12491ljxODp6gcYhhE1dYxVfIb4EV9hKh/view"
"videoUrl","1p9UCoo03A9UAL0MKb-aW3Sqyk8oGmUOf","","","https://drive.google.com/file/d/1p9UCoo03A9UAL0MKb-aW3Sqyk8oGmUOf/view"
"slideUrl","1kUHDloOSlhJdj74FMlAcW4a9plNBEhzK","","","https://drive.google.com/file/d/1kUHDloOSlhJdj74FMlAcW4a9plNBEhzK/view"
"videoUrl","1uLmDYjx7s3omGN9gzcHobN7zG7jINTqU","","","https://drive.google.com/file/d/1uLmDYjx7s3omGN9gzcHobN7zG7jINTqU/view"
"slideUrl","1knoT10N9pJ3bOHISOvckV1w5eU7HSAHG","","","https://drive.google.com/file/d/1knoT10N9pJ3bOHISOvckV1w5eU7HSAHG/view"
"videoUrl","1HaWi8fJlMRw7liMsqPz8dN88yqqrfaHi","","","https://drive.google.com/file/d/1HaWi8fJlMRw7liMsqPz8dN88yqqrfaHi/view"
"slideUrl","1RcxTErtGvZL-JBok1K9ft6Xt8PGqNzuP","","","https://drive.google.com/file/d/1RcxTErtGvZL-JBok1K9ft6Xt8PGqNzuP/view"
"videoUrl","1R8JhmOhQJU-nEpueCphjtPyVfeT9noto","","","https://drive.google.com/file/d/1R8JhmOhQJU-nEpueCphjtPyVfeT9noto/view"
"slideUrl","1jJEqCynstfUZ2lKBTKpZ__y9u6_KZRKK","","","https://drive.google.com/file/d/1jJEqCynstfUZ2lKBTKpZ__y9u6_KZRKK/view"
"videoUrl","1BDm3ExpLaRI-Piaw9RXctvREfB9TszKN","","","https://drive.google.com/file/d/1BDm3ExpLaRI-Piaw9RXctvREfB9TszKN/view"
"slideUrl","1HOPsloDOui5UY-49R5S4T2-lact2DY-u","","","https://drive.google.com/file/d/1HOPsloDOui5UY-49R5S4T2-lact2DY-u/view"
"videoUrl","1YD9cc_gKtx8qSg9ZMEWbz9CbxIuZkk7Z","","","https://drive.google.com/file/d/1YD9cc_gKtx8qSg9ZMEWbz9CbxIuZkk7Z/view"
"slideUrl","1XomGzRoHQSHnaPndUydfDlWPoS6U7Hcx","","","https://drive.google.com/file/d/1XomGzRoHQSHnaPndUydfDlWPoS6U7Hcx/view"
"videoUrl","1Au_82-HpZ_18NNBQpGTDi3FXDUrKiG1T","","","https://drive.google.com/file/d/1Au_82-HpZ_18NNBQpGTDi3FXDUrKiG1T/view"
"slideUrl","17xX1IevtoO1CaSiV-uNwCWiWYEzfA5Al","","","https://drive.google.com/file/d/17xX1IevtoO1CaSiV-uNwCWiWYEzfA5Al/view"
"videoUrl","1GogqW4r7QR47J31VJ0CPs07ThwFL2TDJ","","YES","https://drive.google.com/drive/folders/1GogqW4r7QR47J31VJ0CPs07ThwFL2TDJ"
"slideUrl","17ePw4hF6C1Zbehd09Gs-vVHy6DOI2q5I","","YES","https://drive.google.com/drive/folders/17ePw4hF6C1Zbehd09Gs-vVHy6DOI2q5I"
"videoUrl","1GogqW4r7QR47J31VJ0CPs07ThwFL2TDJ","","YES","https://drive.google.com/drive/folders/1GogqW4r7QR47J31VJ0CPs07ThwFL2TDJ"
"slideUrl","17ePw4hF6C1Zbehd09Gs-vVHy6DOI2q5I","","YES","https://drive.google.com/drive/folders/17ePw4hF6C1Zbehd09Gs-vVHy6DOI2q5I"
"videoUrl","1GogqW4r7QR47J31VJ0CPs07ThwFL2TDJ","","YES","https://drive.google.com/drive/folders/1GogqW4r7QR47J31VJ0CPs07ThwFL2TDJ"
"slideUrl","17ePw4hF6C1Zbehd09Gs-vVHy6DOI2q5I","","YES","https://drive.google.com/drive/folders/17ePw4hF6C1Zbehd09Gs-vVHy6DOI2q5I"
"videoUrl","1-qMPKEQWd7Gf115vQQVsnJgcGnKrIL1Y","","","https://drive.google.com/file/d/1-qMPKEQWd7Gf115vQQVsnJgcGnKrIL1Y/view"
"slideUrl","1dtkVjKAWI_oYst8VyBqH5Xj_GHzWB5aM","","","https://drive.google.com/file/d/1dtkVjKAWI_oYst8VyBqH5Xj_GHzWB5aM/view"
"videoUrl","1ta8xGjQeZzthMhMLfwp1P4JdoxnX6Eqy","","","https://drive.google.com/file/d/1ta8xGjQeZzthMhMLfwp1P4JdoxnX6Eqy/view"
"slideUrl","108I20BjAJL_1_zb40ko4S2HIjw5TWeiW","","","https://drive.google.com/file/d/108I20BjAJL_1_zb40ko4S2HIjw5TWeiW/view"
"videoUrl","1SOWKSvv9ivg1SYj8t9Z-KJiDtUniNxJD","","","https://drive.google.com/file/d/1SOWKSvv9ivg1SYj8t9Z-KJiDtUniNxJD/view"
"slideUrl","1SBayWXTLGskrOahR4puyVA4GGN47AVOU","","","https://drive.google.com/file/d/1SBayWXTLGskrOahR4puyVA4GGN47AVOU/view"
"videoUrl","1ksniIqYyht4V_zTfKJ-3T8TFKFyDmz6P","","","https://drive.google.com/file/d/1ksniIqYyht4V_zTfKJ-3T8TFKFyDmz6P/view"
"slideUrl","1JiGzWwwIOzuCWNUf0HEeRBVgrfRFavx4","","","https://drive.google.com/file/d/1JiGzWwwIOzuCWNUf0HEeRBVgrfRFavx4/view"
"videoUrl","17t88yPoLoNWFKtgXCrTvt0M7r4s-jqPj","","","https://drive.google.com/file/d/17t88yPoLoNWFKtgXCrTvt0M7r4s-jqPj/view"
"slideUrl","1aXEBYR2nljJsvAQOgNbMH7hjJ8MFFyTQ","","","https://drive.google.com/file/d/1aXEBYR2nljJsvAQOgNbMH7hjJ8MFFyTQ/view"
"videoUrl","1f4pMh4vikqAkfaO2X9jjGfVyjOcubTrQ","","","https://drive.google.com/file/d/1f4pMh4vikqAkfaO2X9jjGfVyjOcubTrQ/view"
"slideUrl","1pLg9bO5z4gI1kHZeyCGNGOdJojxo_ZFr","","","https://drive.google.com/file/d/1pLg9bO5z4gI1kHZeyCGNGOdJojxo_ZFr/view"
"videoUrl","1EZLqfufxSMyeMnyf4bXeBCgREX0mJdN_","","","https://drive.google.com/file/d/1EZLqfufxSMyeMnyf4bXeBCgREX0mJdN_/view"
"slideUrl","1-IykYgm8LKp2WLSd_n7LRQ7h2QPBL24E","","","https://drive.google.com/file/d/1-IykYgm8LKp2WLSd_n7LRQ7h2QPBL24E/view"
"videoUrl","15KzdNL33ZWpy5Pcn85KRBc_p8h0jaN8E","","","https://drive.google.com/file/d/15KzdNL33ZWpy5Pcn85KRBc_p8h0jaN8E/view"
"slideUrl","1kwMh6MEg5gSSjfdH7oHU-1oowkm6yKjv","","","https://drive.google.com/file/d/1kwMh6MEg5gSSjfdH7oHU-1oowkm6yKjv/view"
"videoUrl","1azLEFyB6tce4Btu20X9rt6NNEomfcph-","","","https://drive.google.com/file/d/1azLEFyB6tce4Btu20X9rt6NNEomfcph-/view"
"slideUrl","1vX5ITrdA2OhO26tk3I-dNhDTknxolliF","","","https://drive.google.com/file/d/1vX5ITrdA2OhO26tk3I-dNhDTknxolliF/view"
"videoUrl","1jxtxM8fDDcvI1D3cFp_ESyZfjSyv3WC8","","","https://drive.google.com/file/d/1jxtxM8fDDcvI1D3cFp_ESyZfjSyv3WC8/view"
"slideUrl","1QhdgW1C8r5V67e-jA1cbtHpJ45APukdH","","","https://drive.google.com/file/d/1QhdgW1C8r5V67e-jA1cbtHpJ45APukdH/view"
"videoUrl","1lfR7l1erT--CS-MagiTk2VevIygqDupl","","","https://drive.google.com/file/d/1lfR7l1erT--CS-MagiTk2VevIygqDupl/view"
"slideUrl","1S0dRgWg0Z1nDs155xMUU-s3uJMluo8rk","","","https://drive.google.com/file/d/1S0dRgWg0Z1nDs155xMUU-s3uJMluo8rk/view"
"videoUrl","181tD4Ny_NfqKTVdLktfRUh6m-HI0IsAn","","","https://drive.google.com/file/d/181tD4Ny_NfqKTVdLktfRUh6m-HI0IsAn/view"
"slideUrl","1RBKKpgbu0H_p-_bPDroZmNwcD_tGlLhl","","","https://drive.google.com/file/d/1RBKKpgbu0H_p-_bPDroZmNwcD_tGlLhl/view"
"videoUrl","1Pyu4uuMoP8UA5Nfb6kwAc1oApJKNXLcT","","","https://drive.google.com/file/d/1Pyu4uuMoP8UA5Nfb6kwAc1oApJKNXLcT/view"
"slideUrl","1IS7zZIjb4mTn_89itVxbxXhyEDD67UVS","","","https://drive.google.com/file/d/1IS7zZIjb4mTn_89itVxbxXhyEDD67UVS/view"
"videoUrl","1RhzibbGvFQoyGABFKxVoh8-7PUhWZ3q4","","","https://drive.google.com/file/d/1RhzibbGvFQoyGABFKxVoh8-7PUhWZ3q4/view"
"slideUrl","1r9R5bL6rE8hiHucYAphZu5B3Ymxg_DHh","","","https://drive.google.com/file/d/1r9R5bL6rE8hiHucYAphZu5B3Ymxg_DHh/view"
"videoUrl","1vdCuLKcdGOGyiEvHUvbHLvPsgejKAtav","","","https://drive.google.com/file/d/1vdCuLKcdGOGyiEvHUvbHLvPsgejKAtav/view"
"slideUrl","1HwY2KS-2uzUZ2A5lTqFjTNaiAqH_BS63","","","https://drive.google.com/file/d/1HwY2KS-2uzUZ2A5lTqFjTNaiAqH_BS63/view"
"videoUrl","1ftTSKieujrsDfGNmoNrTGHEr8p7EWx8S","","","https://drive.google.com/file/d/1ftTSKieujrsDfGNmoNrTGHEr8p7EWx8S/view"
"slideUrl","1nKQYk-HTc4WQNAR76blwlA3jGHp9wdAt","","","https://drive.google.com/file/d/1nKQYk-HTc4WQNAR76blwlA3jGHp9wdAt/view"
"videoUrl","1wJiLHkfwNrTiref2uWemku7kIlHs0w9Z","","","https://drive.google.com/file/d/1wJiLHkfwNrTiref2uWemku7kIlHs0w9Z/view"
"slideUrl","1OLTPikPUT0_wE0HyXp4nxaC0InCj9OmE","","","https://drive.google.com/file/d/1OLTPikPUT0_wE0HyXp4nxaC0InCj9OmE/view"
"videoUrl","1B6vUa_9pzDoDJQzYqndRmdyJZnStnPuC","","","https://drive.google.com/file/d/1B6vUa_9pzDoDJQzYqndRmdyJZnStnPuC/view"
"slideUrl","1EH7E1XapHQBtTAqNARaio2RjjLkfIhY8","","","https://drive.google.com/file/d/1EH7E1XapHQBtTAqNARaio2RjjLkfIhY8/view"
"videoUrl","1BBUFuwJkHKCoNimXZnsdRo2RiHckjPkf","","","https://drive.google.com/file/d/1BBUFuwJkHKCoNimXZnsdRo2RiHckjPkf/view"
"slideUrl","1oxOMQl89_YfXBuaIYs6rFCRdUNsH7ZH7","","","https://drive.google.com/file/d/1oxOMQl89_YfXBuaIYs6rFCRdUNsH7ZH7/view"
"videoUrl","1ieUW4q5mnf2KuaTueMCYHPU15gxQiv73","","","https://drive.google.com/file/d/1ieUW4q5mnf2KuaTueMCYHPU15gxQiv73/view"
"slideUrl","1fuHt9UM_UL9Z3WpoeVkEx3dT0WZDmQBP","","","https://drive.google.com/file/d/1fuHt9UM_UL9Z3WpoeVkEx3dT0WZDmQBP/view"
"videoUrl","1sPw5Cq9L9TwtmBorz0ZKOengO8rY5O02","","","https://drive.google.com/file/d/1sPw5Cq9L9TwtmBorz0ZKOengO8rY5O02/view"
"slideUrl","1z2sbrNKRl-YzdKYCUMa11T9FqFOoH144","","","https://drive.google.com/file/d/1z2sbrNKRl-YzdKYCUMa11T9FqFOoH144/view"
"videoUrl","1IjKHM11rnVPeMDuUAqchiE-05Xbltbqc","","","https://drive.google.com/file/d/1IjKHM11rnVPeMDuUAqchiE-05Xbltbqc/view"
"slideUrl","1L0NT4x2RP4s7SUsTEvb4k6uYXUpaupCk","","","https://drive.google.com/file/d/1L0NT4x2RP4s7SUsTEvb4k6uYXUpaupCk/view"
"videoUrl","1S-HPHub2Vu2Oe-8Y5xSWeRhAdyc2weyY","","","https://drive.google.com/file/d/1S-HPHub2Vu2Oe-8Y5xSWeRhAdyc2weyY/view"
"slideUrl","12tx32fGOjd3NQxrzeHQCNfXbJ1FcT_13","","","https://drive.google.com/file/d/12tx32fGOjd3NQxrzeHQCNfXbJ1FcT_13/view"
"videoUrl","1yY6jEXq8DxVo1Z5OCTg_cjWNDy7EsIcA","","","https://drive.google.com/file/d/1yY6jEXq8DxVo1Z5OCTg_cjWNDy7EsIcA/view"
"slideUrl","1Mc868jyrrvaneWsuq-vnpPWhKuu889Ev","","","https://drive.google.com/file/d/1Mc868jyrrvaneWsuq-vnpPWhKuu889Ev/view"
"videoUrl","1x4LeDK0rr5xVUSzvWaA65pt6DkSUwt_K","","","https://drive.google.com/file/d/1x4LeDK0rr5xVUSzvWaA65pt6DkSUwt_K/view"
"slideUrl","1ZryjZsh60Gk-Hnx-MyeHEarL7k_3GQN0","","","https://drive.google.com/file/d/1ZryjZsh60Gk-Hnx-MyeHEarL7k_3GQN0/view"
"videoUrl","19CxGbExkg4RLQs85zSbfagknaxeTzE2R","","","https://drive.google.com/file/d/19CxGbExkg4RLQs85zSbfagknaxeTzE2R/view"
"slideUrl","1IjfagtALcg6quXDDNTQFN1DsHFCKRPnw","","","https://drive.google.com/file/d/1IjfagtALcg6quXDDNTQFN1DsHFCKRPnw/view"
"videoUrl","14_9nOSp_HwKVqAw1Bpg5gb1j0lpe_W7o","","","https://drive.google.com/file/d/14_9nOSp_HwKVqAw1Bpg5gb1j0lpe_W7o/view"
"slideUrl","1hxaC5nsPvDKDf5X2UqrDdA5Ebi3aW4tr","","","https://drive.google.com/file/d/1hxaC5nsPvDKDf5X2UqrDdA5Ebi3aW4tr/view"
"videoUrl","1YaZsqfnDYS2q5cJ6ERyV5OMAP1FBnVyu","","","https://drive.google.com/file/d/1YaZsqfnDYS2q5cJ6ERyV5OMAP1FBnVyu/view"
"slideUrl","1KsdQGdnlrdBXShUI59Z0HBfENm_qKUQB","","","https://drive.google.com/file/d/1KsdQGdnlrdBXShUI59Z0HBfENm_qKUQB/view"
"videoUrl","1yhVVI_Lsn4eGzC_jlu26VP1NGSMDAF1O","","","https://drive.google.com/file/d/1yhVVI_Lsn4eGzC_jlu26VP1NGSMDAF1O/view"
"slideUrl","1UdFvsa5e8eOSXB6QQSoD0gBsJ-LjY7XG","","","https://drive.google.com/file/d/1UdFvsa5e8eOSXB6QQSoD0gBsJ-LjY7XG/view"
"videoUrl","1wtVuc8LO4fHSdv6oL9BaZGPEkeF6Qdpn","","","https://drive.google.com/file/d/1wtVuc8LO4fHSdv6oL9BaZGPEkeF6Qdpn/view"
"slideUrl","1ZLtCcQ-VVYYeVtCWilRPx08cHn_u41H5","","","https://drive.google.com/file/d/1ZLtCcQ-VVYYeVtCWilRPx08cHn_u41H5/view"
"videoUrl","1AFrWsmINa6cx0d1C0UiW1UYo-tEd8Sjl","","","https://drive.google.com/file/d/1AFrWsmINa6cx0d1C0UiW1UYo-tEd8Sjl/view"
"slideUrl","1zqclGn9oJMYndv6vdKFad_XSxDtD6rXX","","","https://drive.google.com/file/d/1zqclGn9oJMYndv6vdKFad_XSxDtD6rXX/view"
"videoUrl","1bhHw-wf_YFtmjmTf7TKHELKcfD_IlWcu","","","https://drive.google.com/file/d/1bhHw-wf_YFtmjmTf7TKHELKcfD_IlWcu/view"
"slideUrl","1-jJTXXkqID0IOK5JheBbaZ-gqIRltZyM","","","https://drive.google.com/file/d/1-jJTXXkqID0IOK5JheBbaZ-gqIRltZyM/view"
"videoUrl","1KrWofiU1lofd4ivgItgebzLJRwjlwD-s","","","https://drive.google.com/file/d/1KrWofiU1lofd4ivgItgebzLJRwjlwD-s/view"
"slideUrl","1fe3bZ3AcXi5eMKkizvJLpTBmLGxIX-q8","","","https://drive.google.com/file/d/1fe3bZ3AcXi5eMKkizvJLpTBmLGxIX-q8/view"
"videoUrl","1bfNgUex4MCkF_tYB1GCbSN1YmePCQ9-k","","","https://drive.google.com/file/d/1bfNgUex4MCkF_tYB1GCbSN1YmePCQ9-k/view"
"slideUrl","1QrPzeZDU2jy3Sq7f9SwgbBbJwlWpdWR5","","","https://drive.google.com/file/d/1QrPzeZDU2jy3Sq7f9SwgbBbJwlWpdWR5/view"
"videoUrl","1GNDaDkhAMlEzF1yzQWU6JAtGXkX-QCY7","","","https://drive.google.com/file/d/1GNDaDkhAMlEzF1yzQWU6JAtGXkX-QCY7/view"
"slideUrl","18HBRJzlyqSYEp3pRXCkcDlNgDIWMwrfa","","","https://drive.google.com/file/d/18HBRJzlyqSYEp3pRXCkcDlNgDIWMwrfa/view"
"videoUrl","13ZIj6cT92mMTQ8XjMrH5Ic-esnYLhBFy","","","https://drive.google.com/file/d/13ZIj6cT92mMTQ8XjMrH5Ic-esnYLhBFy/view"
"slideUrl","18YJWYVXpPgCFyKPDDOeuSEdOAMoPMb5K","","","https://drive.google.com/file/d/18YJWYVXpPgCFyKPDDOeuSEdOAMoPMb5K/view"
"videoUrl","1nDcSyMpFmRm0YNKzY3T_-8sWGneDEWJH","","","https://drive.google.com/file/d/1nDcSyMpFmRm0YNKzY3T_-8sWGneDEWJH/view"
"slideUrl","1jrjuYPBWbBvzf0J-bklfOz9SLocmpNYD","","","https://drive.google.com/file/d/1jrjuYPBWbBvzf0J-bklfOz9SLocmpNYD/view"
"videoUrl","15Zw8YrcLwlcmz7Fv-k0gCPZ1mwaM54fd","","","https://drive.google.com/file/d/15Zw8YrcLwlcmz7Fv-k0gCPZ1mwaM54fd/view"
"slideUrl","17IS5-aMksIH2TAzZ4UpI4FnSsKuxrOdt","","","https://drive.google.com/file/d/17IS5-aMksIH2TAzZ4UpI4FnSsKuxrOdt/view"
"videoUrl","1zOgMSTbKcQotkkP3jnF5uWhRtALNfftA","","","https://drive.google.com/file/d/1zOgMSTbKcQotkkP3jnF5uWhRtALNfftA/view"
"slideUrl","1aXGUgyV8kYdjCyuOw1BkUi4JZv3c2Fj-","","","https://drive.google.com/file/d/1aXGUgyV8kYdjCyuOw1BkUi4JZv3c2Fj-/view"
"videoUrl","1kvriUF6pbBkRxFJG7aHepPLDTqLEsi8D","","","https://drive.google.com/file/d/1kvriUF6pbBkRxFJG7aHepPLDTqLEsi8D/view"
"slideUrl","12bOxJ7zc9I-Q86gRoV4RUWOXwmy3D9Mc","","","https://drive.google.com/file/d/12bOxJ7zc9I-Q86gRoV4RUWOXwmy3D9Mc/view"
"videoUrl","1KUcA_9tYRJGqiHVZTaUzlv9lh0vjZeKy","","","https://drive.google.com/file/d/1KUcA_9tYRJGqiHVZTaUzlv9lh0vjZeKy/view"
"slideUrl","1rJNpJlrid7WeqFH1Eiood65_AHFTvNlZ","","","https://drive.google.com/file/d/1rJNpJlrid7WeqFH1Eiood65_AHFTvNlZ/view"
"videoUrl","1ttu_OErOTeIQUL-QqbzgnfAtd3U81YLr","","","https://drive.google.com/file/d/1ttu_OErOTeIQUL-QqbzgnfAtd3U81YLr/view"
"slideUrl","1Lho_jiMglR-qv4i281NYHEdUMn8q1bl5","","","https://drive.google.com/file/d/1Lho_jiMglR-qv4i281NYHEdUMn8q1bl5/view"
"videoUrl","1-Ha29W3XdE80Au_Qp0sDb0q9f1e5UIbe","","","https://drive.google.com/file/d/1-Ha29W3XdE80Au_Qp0sDb0q9f1e5UIbe/view"
"slideUrl","1ZlEuF_1XsY0ge-ojMBitj3UkjQCiwh6H","","","https://drive.google.com/file/d/1ZlEuF_1XsY0ge-ojMBitj3UkjQCiwh6H/view"
"videoUrl","1WVKgKunX8JZ1FVk5qWKWHUymG2oLTNtC","","","https://drive.google.com/file/d/1WVKgKunX8JZ1FVk5qWKWHUymG2oLTNtC/view"
"slideUrl","1yXL-ResXo86gG03ija8ORHf18F9VHMyl","","","https://drive.google.com/file/d/1yXL-ResXo86gG03ija8ORHf18F9VHMyl/view"
"videoUrl","10K3ESeXGv6AIfoE1rUveX9jnCxV5e-ie","","","https://drive.google.com/file/d/10K3ESeXGv6AIfoE1rUveX9jnCxV5e-ie/view"
"slideUrl","1lxKBYAVaeQwiJwjTEXw7wDeDlivpP-_x","","","https://drive.google.com/file/d/1lxKBYAVaeQwiJwjTEXw7wDeDlivpP-_x/view"
"videoUrl","1zEBwU4HMKR3WBdsPjbEEZGugmedErQFh","","","https://drive.google.com/file/d/1zEBwU4HMKR3WBdsPjbEEZGugmedErQFh/view"
"slideUrl","1ZvXcgwf9IIiFy1csO9ImPwUPn8Rbv_G4","","","https://drive.google.com/file/d/1ZvXcgwf9IIiFy1csO9ImPwUPn8Rbv_G4/view"
"videoUrl","15gRWggn95m0HgOFrdbiWu_MYujoIccrx","","","https://drive.google.com/file/d/15gRWggn95m0HgOFrdbiWu_MYujoIccrx/view"
"slideUrl","1YRUUbIDuvl7odufXHTepMiIfpWHfp9ZV","","","https://drive.google.com/file/d/1YRUUbIDuvl7odufXHTepMiIfpWHfp9ZV/view"
"videoUrl","1-7FVyFXsiGRFKa6MyNQJcYGw8mBhUFNR","","","https://drive.google.com/file/d/1-7FVyFXsiGRFKa6MyNQJcYGw8mBhUFNR/view"
"slideUrl","1fZEjlikHyiYjvLaRy0Q4jBp8z7ScN1VQ","","","https://drive.google.com/file/d/1fZEjlikHyiYjvLaRy0Q4jBp8z7ScN1VQ/view"
"videoUrl","1HKRhHWEwU8Eok3-GfG6ASUJEnwvb5xL_","","","https://drive.google.com/file/d/1HKRhHWEwU8Eok3-GfG6ASUJEnwvb5xL_/view"
"slideUrl","1MRQg4pAXEsW7u3Z6bjYSnb2aW-Vk01rq","","","https://drive.google.com/file/d/1MRQg4pAXEsW7u3Z6bjYSnb2aW-Vk01rq/view"
"videoUrl","1SoYYL0qDn06vUmUxMsGZPkRV9hIO1zFH","","","https://drive.google.com/file/d/1SoYYL0qDn06vUmUxMsGZPkRV9hIO1zFH/view"
"slideUrl","1-eLsG3Ux_mUtmZNgVcExP50r3gi3eXdQ","","","https://drive.google.com/file/d/1-eLsG3Ux_mUtmZNgVcExP50r3gi3eXdQ/view"
"videoUrl","1VDGcDeGJ_k259veEqmlxVuHBldZ10ceo","","","https://drive.google.com/file/d/1VDGcDeGJ_k259veEqmlxVuHBldZ10ceo/view"
"slideUrl","1FMY7kVfaE8ZaUV8efCsRPWQWrHZNjtRp","","","https://drive.google.com/file/d/1FMY7kVfaE8ZaUV8efCsRPWQWrHZNjtRp/view"
"videoUrl","1hr9i9dlJ2dUB7jMknsxD6ihwyPbGHrhZ","","","https://drive.google.com/file/d/1hr9i9dlJ2dUB7jMknsxD6ihwyPbGHrhZ/view"
"slideUrl","1I0qtMuXCtOCaMmEdJb5GMDSs1J48g7Wq","","","https://drive.google.com/file/d/1I0qtMuXCtOCaMmEdJb5GMDSs1J48g7Wq/view"
"videoUrl","1JHk6thJNn3qgZwS2sUfOdyV058uLkUt4","","","https://drive.google.com/file/d/1JHk6thJNn3qgZwS2sUfOdyV058uLkUt4/view"
"slideUrl","1d9G8bu5Xumqg10aTS0uValP74VRCJH4a","","","https://drive.google.com/file/d/1d9G8bu5Xumqg10aTS0uValP74VRCJH4a/view"
"videoUrl","11LxloRfM0UZ-x4SeqNonBc6hfQOkbd61","","","https://drive.google.com/file/d/11LxloRfM0UZ-x4SeqNonBc6hfQOkbd61/view"
"slideUrl","1zKgmE6KJLaXFEbMkH6hSxBplP9iYC1rm","","","https://drive.google.com/file/d/1zKgmE6KJLaXFEbMkH6hSxBplP9iYC1rm/view"
"videoUrl","1n42nWLudhORz0j_ElpIYyPCY4dsVjdfe","","","https://drive.google.com/file/d/1n42nWLudhORz0j_ElpIYyPCY4dsVjdfe/view"
"slideUrl","14fiL67cppJjelYCaTrw-vgSG4CiVjVOO","","","https://drive.google.com/file/d/14fiL67cppJjelYCaTrw-vgSG4CiVjVOO/view"
"videoUrl","1Y8aJvVDfITioHw9X1fyiPSZfzKgd4XhB","","","https://drive.google.com/file/d/1Y8aJvVDfITioHw9X1fyiPSZfzKgd4XhB/view"
"slideUrl","1oYdE6YTFRz_xOk6beVfPWSAcmETeY8_f","","","https://drive.google.com/file/d/1oYdE6YTFRz_xOk6beVfPWSAcmETeY8_f/view"
"videoUrl","1F_LjpsMjx7MkhC_3XFP11m5tuOsPs2oV","","","https://drive.google.com/file/d/1F_LjpsMjx7MkhC_3XFP11m5tuOsPs2oV/view"
"slideUrl","1DatCT3KDsxuhBjncT4pNsft_iZ24qngo","","","https://drive.google.com/file/d/1DatCT3KDsxuhBjncT4pNsft_iZ24qngo/view"
"videoUrl","1TES72Ko0Am8l_MNkRZCLZ6KRzeNRI2k4","","","https://drive.google.com/file/d/1TES72Ko0Am8l_MNkRZCLZ6KRzeNRI2k4/view"
"slideUrl","1mit7nKIBRKuM50zEBqi0D2lBiV84qzib","","","https://drive.google.com/file/d/1mit7nKIBRKuM50zEBqi0D2lBiV84qzib/view"
"videoUrl","1lp74x50WvbiVOcRWt7ZtGRzXqeQvsfpX","","","https://drive.google.com/file/d/1lp74x50WvbiVOcRWt7ZtGRzXqeQvsfpX/view"
"slideUrl","1yAih3HHB9QnghS_RxBAzbCsPR9AlNVkU","","","https://drive.google.com/file/d/1yAih3HHB9QnghS_RxBAzbCsPR9AlNVkU/view"
"videoUrl","1D37FxydHIix_HoxHK8Ul-ONnKXgrN0vi","","","https://drive.google.com/file/d/1D37FxydHIix_HoxHK8Ul-ONnKXgrN0vi/view"
"slideUrl","1QnJPfY5GDXrRtQVjK6e2VtKk8KbZD1J-","","","https://drive.google.com/file/d/1QnJPfY5GDXrRtQVjK6e2VtKk8KbZD1J-/view"
"videoUrl","1QG5WQZQJO7sFUCfVpQLK7lBmKa7TY3vu","","","https://drive.google.com/file/d/1QG5WQZQJO7sFUCfVpQLK7lBmKa7TY3vu/view"
"slideUrl","1sJ0MOsEBvHqiPkK7RwDrSAbp0N5N3Sv-","","","https://drive.google.com/file/d/1sJ0MOsEBvHqiPkK7RwDrSAbp0N5N3Sv-/view"
"videoUrl","1siyeiNrS7E7AOiX9qUqXLRfgi_w74AqR","","","https://drive.google.com/file/d/1siyeiNrS7E7AOiX9qUqXLRfgi_w74AqR/view"
"slideUrl","1U7Cb8QD7zBxEQuhdWL7PKye23-Ho8wCC","","","https://drive.google.com/file/d/1U7Cb8QD7zBxEQuhdWL7PKye23-Ho8wCC/view"
"videoUrl","1AK205cb5mAvFsvA1Junqzk8ZjJH55Owl","","","https://drive.google.com/file/d/1AK205cb5mAvFsvA1Junqzk8ZjJH55Owl/view"
"slideUrl","1-m4B_52HX2scxqV8pwkL46I98_B1jW_S","","","https://drive.google.com/file/d/1-m4B_52HX2scxqV8pwkL46I98_B1jW_S/view"
"videoUrl","1xmENdm8ctlTLFSDlDBkWXqCW1rVi7_A-","","","https://drive.google.com/file/d/1xmENdm8ctlTLFSDlDBkWXqCW1rVi7_A-/view"
"slideUrl","1CXdHhviADcTrdz5NQTD1u0pfVKbU_bb9","","","https://drive.google.com/file/d/1CXdHhviADcTrdz5NQTD1u0pfVKbU_bb9/view"
"videoUrl","1DDTBQCRaJvDJH8O98cDxw8tTZhQQ7O2g","","","https://drive.google.com/file/d/1DDTBQCRaJvDJH8O98cDxw8tTZhQQ7O2g/view"
"slideUrl","1HFGq9qZ-5r7VSL7Lgf-3tZimraFUxqV1","","","https://drive.google.com/file/d/1HFGq9qZ-5r7VSL7Lgf-3tZimraFUxqV1/view"
"videoUrl","1k6l5ocgW8NgDxKxrFCdavbtWfsEbgXJN","","","https://drive.google.com/file/d/1k6l5ocgW8NgDxKxrFCdavbtWfsEbgXJN/view"
"slideUrl","1XImcBVIRyWbylQ8h25r9EbnUnj3zM3ae","","","https://drive.google.com/file/d/1XImcBVIRyWbylQ8h25r9EbnUnj3zM3ae/view"
"videoUrl","1j5Hg9HE7FJ6MKdOP-rSOxflgfNl898ZT","","","https://drive.google.com/file/d/1j5Hg9HE7FJ6MKdOP-rSOxflgfNl898ZT/view"
"slideUrl","17nBgBS2rQjvmpLbAs0c9GjigouxGn9B0","","","https://drive.google.com/file/d/17nBgBS2rQjvmpLbAs0c9GjigouxGn9B0/view"
"videoUrl","1kgALGmvRB5AMTyknkiIV0dn4nQmIu64d","","","https://drive.google.com/file/d/1kgALGmvRB5AMTyknkiIV0dn4nQmIu64d/view"
"slideUrl","1bnyOHxZ-CSOMKMEJQ5KGtG5ajCNhSn_J","","","https://drive.google.com/file/d/1bnyOHxZ-CSOMKMEJQ5KGtG5ajCNhSn_J/view"
"videoUrl","1WLXs0UyCAGC6RDIFz5-LwHDp0wWeKUKk","","","https://drive.google.com/file/d/1WLXs0UyCAGC6RDIFz5-LwHDp0wWeKUKk/view"
"slideUrl","1YdzwSDeCSZxQJJbl3-JAg9KwXUMJbpnp","","","https://drive.google.com/file/d/1YdzwSDeCSZxQJJbl3-JAg9KwXUMJbpnp/view"
"videoUrl","1G5pHCkcw-WKUUNRvQRVuQ4fyVx2IuR7r","","","https://drive.google.com/file/d/1G5pHCkcw-WKUUNRvQRVuQ4fyVx2IuR7r/view"
"slideUrl","13BZdWR5ts7Okxkb856mmscn6wQoWUgW1","","","https://drive.google.com/file/d/13BZdWR5ts7Okxkb856mmscn6wQoWUgW1/view"
"videoUrl","1NQRaZfXNuBAksigVQVTnFIUPvYYr6FuI","","","https://drive.google.com/file/d/1NQRaZfXNuBAksigVQVTnFIUPvYYr6FuI/view"
"slideUrl","1EpjhiMjYgbpBnYUd2U1sZKmRu2qeb5rd","","","https://drive.google.com/file/d/1EpjhiMjYgbpBnYUd2U1sZKmRu2qeb5rd/view"
"videoUrl","1aIquyhVcOtl53niiFdHHlcA5T1neFiMZ","","","https://drive.google.com/file/d/1aIquyhVcOtl53niiFdHHlcA5T1neFiMZ/view"
"slideUrl","1f6LmzXCzpmpNBHEkwXcBOisRlyYgaVYP","","","https://drive.google.com/file/d/1f6LmzXCzpmpNBHEkwXcBOisRlyYgaVYP/view"
"videoUrl","15_5ehHzGpeD7YYPlCfCoGFDGtAsh22xy","","","https://drive.google.com/file/d/15_5ehHzGpeD7YYPlCfCoGFDGtAsh22xy/view"
"slideUrl","1B63i3qts6RGAx8_EbkNZy9NY9oLBHnC5","","","https://drive.google.com/file/d/1B63i3qts6RGAx8_EbkNZy9NY9oLBHnC5/view"
"driveUrl","0B9EAx-kfFDOpdHFZbnJBenhkaHc","YES","","https://drive.google.com/file/d/0B9EAx-kfFDOpdHFZbnJBenhkaHc/view"
"driveUrl","1RvG0oQxFQisd9UVUHkThbzy3zKShGen8","","","https://drive.google.com/file/d/1RvG0oQxFQisd9UVUHkThbzy3zKShGen8/view"
"driveUrl","0B9EAx-kfFDOpT1IzR1RGUEhlZUk","YES","","https://drive.google.com/file/d/0B9EAx-kfFDOpT1IzR1RGUEhlZUk/view"
"driveUrl","0B9EAx-kfFDOpWnp5QTE1VkFJaE0","YES","","https://drive.google.com/file/d/0B9EAx-kfFDOpWnp5QTE1VkFJaE0/view"
"driveUrl","178wnRlId5tqhho2hOHukC0CRcR4HjW1W","","","https://drive.google.com/file/d/178wnRlId5tqhho2hOHukC0CRcR4HjW1W/view"
"driveUrl","14kha7aUtFqfWn-MfDdl8THwbdGNSrldm","","","https://drive.google.com/file/d/14kha7aUtFqfWn-MfDdl8THwbdGNSrldm/view"
"driveUrl","1IAfFixls9QZVajWs6q7xRQVKdOy5g3g7","","","https://drive.google.com/file/d/1IAfFixls9QZVajWs6q7xRQVKdOy5g3g7/view"
"driveUrl","1iNlxDA86Kvg0Tl4XFLTTfKHDlxPg6Epm","","","https://drive.google.com/file/d/1iNlxDA86Kvg0Tl4XFLTTfKHDlxPg6Epm/view"
"driveUrl","1hvms0goQLy7fDwQUyN0PPXs_Owc7A7io","","","https://drive.google.com/file/d/1hvms0goQLy7fDwQUyN0PPXs_Owc7A7io/view"
"driveUrl","1-Qc0sM-Xvr0J5fVQeWd4Kzs798QjRH5r","","","https://drive.google.com/file/d/1-Qc0sM-Xvr0J5fVQeWd4Kzs798QjRH5r/view"
"driveUrl","1x6Qi368Dx8Y1q07feBeSetqFAX5pj3AL","","","https://drive.google.com/file/d/1x6Qi368Dx8Y1q07feBeSetqFAX5pj3AL/view"
"driveUrl","0B9EAx-kfFDOpMXZsM2hVYXJrT1k","YES","","https://drive.google.com/file/d/0B9EAx-kfFDOpMXZsM2hVYXJrT1k/view"
"driveUrl","1gb_9Mg9E6mCBwPi_tmCw2MBkwNONIVpD","","","https://drive.google.com/file/d/1gb_9Mg9E6mCBwPi_tmCw2MBkwNONIVpD/view"
"driveUrl","1Kw5X1jNXRuiz322ui3BUktLObR2w_Dr1","","","https://drive.google.com/file/d/1Kw5X1jNXRuiz322ui3BUktLObR2w_Dr1/view"
"driveUrl","0B9EAx-kfFDOpNHhYQVJibDE3X3M","YES","","https://drive.google.com/file/d/0B9EAx-kfFDOpNHhYQVJibDE3X3M/view"
"driveUrl","0B9EAx-kfFDOpcXkyVXF6bE5Jekk","YES","","https://drive.google.com/file/d/0B9EAx-kfFDOpcXkyVXF6bE5Jekk/view"
"driveUrl","0B9EAx-kfFDOpSk8tdGg1VEhKdWM","YES","","https://drive.google.com/file/d/0B9EAx-kfFDOpSk8tdGg1VEhKdWM/view"
"driveUrl","0B9EAx-kfFDOpWGx5dThJbzNDZU0","YES","","https://drive.google.com/file/d/0B9EAx-kfFDOpWGx5dThJbzNDZU0/view"
"driveUrl","0B9EAx-kfFDOpZU5rMlpKN1RWdE0","YES","","https://drive.google.com/file/d/0B9EAx-kfFDOpZU5rMlpKN1RWdE0/view"
"driveUrl","0B9EAx-kfFDOpRk1qMWh4M043Zm8","YES","","https://drive.google.com/file/d/0B9EAx-kfFDOpRk1qMWh4M043Zm8/view"
"driveUrl","0B9EAx-kfFDOpZ2FFMGR6Mk5ibTA","YES","","https://drive.google.com/file/d/0B9EAx-kfFDOpZ2FFMGR6Mk5ibTA/view"
"driveUrl","0B9EAx-kfFDOpZlpLNkVTQW1NS3M","YES","","https://drive.google.com/file/d/0B9EAx-kfFDOpZlpLNkVTQW1NS3M/view"
"driveUrl","0B9EAx-kfFDOpWlNKM2ZORVp4Wms","YES","","https://drive.google.com/file/d/0B9EAx-kfFDOpWlNKM2ZORVp4Wms/view"
"driveUrl","1TT1TPR91kAA97vSZIsc-BKhGsfQkw7-Z","","","https://drive.google.com/file/d/1TT1TPR91kAA97vSZIsc-BKhGsfQkw7-Z/view"
"driveUrl","1YJagQ6nw9RuG3XAywt1dp8BL2LBVWrDB","","","https://drive.google.com/file/d/1YJagQ6nw9RuG3XAywt1dp8BL2LBVWrDB/view"
"driveUrl","0B9EAx-kfFDOpTEw4REVGajM0TkU","YES","","https://drive.google.com/file/d/0B9EAx-kfFDOpTEw4REVGajM0TkU/view"
"driveUrl","0B9EAx-kfFDOpX0U2OHJ0dE1sZGM","YES","","https://drive.google.com/file/d/0B9EAx-kfFDOpX0U2OHJ0dE1sZGM/view"
"driveUrl","0B9EAx-kfFDOpa29XYUxxOGpfSWM","YES","","https://drive.google.com/file/d/0B9EAx-kfFDOpa29XYUxxOGpfSWM/view"
"driveUrl","0B9EAx-kfFDOpZFY1NWRLcU1vRjA","YES","","https://drive.google.com/file/d/0B9EAx-kfFDOpZFY1NWRLcU1vRjA/view"
"driveUrl","0B9EAx-kfFDOpT0FHQXJISWNNRU0","YES","","https://drive.google.com/file/d/0B9EAx-kfFDOpT0FHQXJISWNNRU0/view"
"driveUrl","0B9EAx-kfFDOpbDVfaFhtX0xIcEU","YES","","https://drive.google.com/file/d/0B9EAx-kfFDOpbDVfaFhtX0xIcEU/view"
"driveUrl","0B9EAx-kfFDOpNzgwdHN3c2hiSnc","YES","","https://drive.google.com/file/d/0B9EAx-kfFDOpNzgwdHN3c2hiSnc/view"
"driveUrl","0B9EAx-kfFDOpZlVkSHZPWkZyOFk","YES","","https://drive.google.com/file/d/0B9EAx-kfFDOpZlVkSHZPWkZyOFk/view"
"driveUrl","0B9EAx-kfFDOpSHNGWm9RNkdzbnc","YES","","https://drive.google.com/file/d/0B9EAx-kfFDOpSHNGWm9RNkdzbnc/view"
"driveUrl","0B9EAx-kfFDOpV2pKZkUyMUpNMTQ","YES","","https://drive.google.com/file/d/0B9EAx-kfFDOpV2pKZkUyMUpNMTQ/view"
"driveUrl","0B9EAx-kfFDOpZjljVVN0QWQtUDQ","YES","","https://drive.google.com/file/d/0B9EAx-kfFDOpZjljVVN0QWQtUDQ/view"
"driveUrl","0B9EAx-kfFDOpMzd1dFZzeUxQRkk","YES","","https://drive.google.com/file/d/0B9EAx-kfFDOpMzd1dFZzeUxQRkk/view"
"driveUrl","0B9EAx-kfFDOpcW5aOXpFZWItZGc","YES","","https://drive.google.com/file/d/0B9EAx-kfFDOpcW5aOXpFZWItZGc/view"
"driveUrl","0B9EAx-kfFDOpRUllSTJoc3RXYTQ","YES","","https://drive.google.com/file/d/0B9EAx-kfFDOpRUllSTJoc3RXYTQ/view"
"driveUrl","0B9EAx-kfFDOpV1VLMjc2NWxSSzA","YES","","https://drive.google.com/file/d/0B9EAx-kfFDOpV1VLMjc2NWxSSzA/view"
"driveUrl","0B9EAx-kfFDOpYU9wcks3MUprUHM","YES","","https://drive.google.com/file/d/0B9EAx-kfFDOpYU9wcks3MUprUHM/view"
"driveUrl","1YdTXhYVBks6SwstrmeCt949WE4-xw1iw","","","https://drive.google.com/file/d/1YdTXhYVBks6SwstrmeCt949WE4-xw1iw/view"
"driveUrl","1TFpKRfgToB7ehWECFCx4MNrupFXx0TFy","","","https://drive.google.com/file/d/1TFpKRfgToB7ehWECFCx4MNrupFXx0TFy/view"
"driveUrl","0B9EAx-kfFDOpYTdCZFFDcngybGc","YES","","https://drive.google.com/file/d/0B9EAx-kfFDOpYTdCZFFDcngybGc/view"
"driveUrl","0B9EAx-kfFDOpTnpTZTZIb0lDY0k","YES","","https://drive.google.com/file/d/0B9EAx-kfFDOpTnpTZTZIb0lDY0k/view"
"driveUrl","0B9EAx-kfFDOpeGJWU1J2bERoMGc","YES","","https://drive.google.com/file/d/0B9EAx-kfFDOpeGJWU1J2bERoMGc/view"
"driveUrl","0B9EAx-kfFDOpZmE2akNDVVZVenc","YES","","https://drive.google.com/file/d/0B9EAx-kfFDOpZmE2akNDVVZVenc/view"
"driveUrl","0B9EAx-kfFDOpSXJYUzdzS1lCd0U","YES","","https://drive.google.com/file/d/0B9EAx-kfFDOpSXJYUzdzS1lCd0U/view"
"driveUrl","0B9EAx-kfFDOpY0ZNVVFHRWUxcjA","YES","","https://drive.google.com/file/d/0B9EAx-kfFDOpY0ZNVVFHRWUxcjA/view"
"driveUrl","1qmNoD8Z9oMvE9VfiVWpPDmDanmY4O9N1","","","https://drive.google.com/file/d/1qmNoD8Z9oMvE9VfiVWpPDmDanmY4O9N1/view"
"driveUrl","1sk7LEGZ2aWflibj_dy-t04Y5C1XeUE75","","","https://drive.google.com/file/d/1sk7LEGZ2aWflibj_dy-t04Y5C1XeUE75/view"
"driveUrl","0B9EAx-kfFDOpQldiQ2hjUGtzWDQ","YES","","https://drive.google.com/file/d/0B9EAx-kfFDOpQldiQ2hjUGtzWDQ/view"
"driveUrl","0B9EAx-kfFDOpSGNyVGN5Q2puWDA","YES","","https://drive.google.com/file/d/0B9EAx-kfFDOpSGNyVGN5Q2puWDA/view"
"driveUrl","0B9EAx-kfFDOpWWFCVWh1NzAtNVE","YES","","https://drive.google.com/file/d/0B9EAx-kfFDOpWWFCVWh1NzAtNVE/view"
"driveUrl","0B9EAx-kfFDOpWjZ5OEdHZ1NWYzA","YES","","https://drive.google.com/file/d/0B9EAx-kfFDOpWjZ5OEdHZ1NWYzA/view"
"driveUrl","0B9EAx-kfFDOpczNfZVh0RENkV0U","YES","","https://drive.google.com/file/d/0B9EAx-kfFDOpczNfZVh0RENkV0U/view"
"driveUrl","0B9EAx-kfFDOpNWVnclR2Z1V0aGs","YES","","https://drive.google.com/file/d/0B9EAx-kfFDOpNWVnclR2Z1V0aGs/view"
"driveUrl","1pmOX56K0oftO9FpsVVpPO5dkimhbT0jg","","","https://drive.google.com/file/d/1pmOX56K0oftO9FpsVVpPO5dkimhbT0jg/view"
"driveUrl","1ThIEVKKd-ApzCIGlCYkUnhSxkAvOoGF8","","","https://drive.google.com/file/d/1ThIEVKKd-ApzCIGlCYkUnhSxkAvOoGF8/view"
"driveUrl","1NH_8mcp0rCMBW7uccVQnigI7gwJ_DAem","","","https://drive.google.com/file/d/1NH_8mcp0rCMBW7uccVQnigI7gwJ_DAem/view"
"driveUrl","18g7qvINIPEiEFTZj3zDytqEKlfX9ZugM","","","https://drive.google.com/file/d/18g7qvINIPEiEFTZj3zDytqEKlfX9ZugM/view"
"driveUrl","1JIdCE1OBJt16NgR-YMqwg1y9sEs2jBVp","","","https://drive.google.com/file/d/1JIdCE1OBJt16NgR-YMqwg1y9sEs2jBVp/view"
"driveUrl","1fWSsV-2PCyBwUXp0DaJN3zFLk7qf5sgS","","","https://drive.google.com/file/d/1fWSsV-2PCyBwUXp0DaJN3zFLk7qf5sgS/view"
"driveUrl","1xWJkRZfMZjH7DjblfRu05eFwOcyOXtFa","","","https://drive.google.com/file/d/1xWJkRZfMZjH7DjblfRu05eFwOcyOXtFa/view"
"driveUrl","1bdA1zxNqVtwtGDNsXj0N9D_8kJxzTlbs","","","https://drive.google.com/file/d/1bdA1zxNqVtwtGDNsXj0N9D_8kJxzTlbs/view"
"driveUrl","1ln9Bz7fBaiN5dnTFQYr6G00kuLQ9jB6J","","","https://drive.google.com/file/d/1ln9Bz7fBaiN5dnTFQYr6G00kuLQ9jB6J/view"
"driveUrl","1B1QKmQ-trY2CTMP73bu7Z6auPyMTgp3J","","","https://drive.google.com/file/d/1B1QKmQ-trY2CTMP73bu7Z6auPyMTgp3J/view"
"driveUrl","1Us1tDQmG8lGzqhTCDAV8ZsQ_aQbsG6g3","","","https://drive.google.com/file/d/1Us1tDQmG8lGzqhTCDAV8ZsQ_aQbsG6g3/view"
"driveUrl","1dtpzaRPrx6FwoEqyzjuvjA30oT76p2WN","","","https://drive.google.com/file/d/1dtpzaRPrx6FwoEqyzjuvjA30oT76p2WN/view"
"driveUrl","1R_vdRq1oAt1p9bhAzVWOfrYGIhQney7G","","","https://drive.google.com/file/d/1R_vdRq1oAt1p9bhAzVWOfrYGIhQney7G/view"
"driveUrl","1XtjBnsO6De9VBoaHc3Rm1HhZgca3R0bQ","","","https://drive.google.com/file/d/1XtjBnsO6De9VBoaHc3Rm1HhZgca3R0bQ/view"
"driveUrl","19GpAi_gpTAJRcwaPRogGpEBcDc2lbVZI","","","https://drive.google.com/file/d/19GpAi_gpTAJRcwaPRogGpEBcDc2lbVZI/view"
"driveUrl","1mbV1SO9GruyX3Hv_h6E4zAv1zctKjG7a","","","https://drive.google.com/file/d/1mbV1SO9GruyX3Hv_h6E4zAv1zctKjG7a/view"
"driveUrl","1xdyC1_6ib-RzP-0dpkjMmBAq117mXSZH","","","https://drive.google.com/file/d/1xdyC1_6ib-RzP-0dpkjMmBAq117mXSZH/view"
"driveUrl","1gR1785bHn76BgzxAcWmbu71VT3oX4DnU","","","https://drive.google.com/file/d/1gR1785bHn76BgzxAcWmbu71VT3oX4DnU/view"
"driveUrl","1tmZJ2jZxqB_7bYO3L9pF9jiUshD-Svue","","","https://drive.google.com/file/d/1tmZJ2jZxqB_7bYO3L9pF9jiUshD-Svue/view"
"driveUrl","1nH8Qnwp8WYDid3o0uvANqVbxNp44ksj3","","","https://drive.google.com/file/d/1nH8Qnwp8WYDid3o0uvANqVbxNp44ksj3/view"
"driveUrl","1e-ZreFQal_Z3XWkWi87C-NBOqr8Sxcsc","","","https://drive.google.com/file/d/1e-ZreFQal_Z3XWkWi87C-NBOqr8Sxcsc/view"
"driveUrl","1PhPuFA-v6y4HuJGkyY4e1l5sPe7Iw6lf","","","https://drive.google.com/file/d/1PhPuFA-v6y4HuJGkyY4e1l5sPe7Iw6lf/view"
"driveUrl","1lM-ovQBqfQdD8zCkpeOm_rp2gbxvJ6Ea","","","https://drive.google.com/file/d/1lM-ovQBqfQdD8zCkpeOm_rp2gbxvJ6Ea/view"
"driveUrl","19msbmRpgZ4wJ6u-9v0Q-pBWBNybpcBdI","","","https://drive.google.com/file/d/19msbmRpgZ4wJ6u-9v0Q-pBWBNybpcBdI/view"
"driveUrl","1PbMSiwoErMRW-KRsuqLF-FPyFzCO1Ntg","","","https://drive.google.com/file/d/1PbMSiwoErMRW-KRsuqLF-FPyFzCO1Ntg/view"
"driveUrl","1KKX7aNL3FZGzYLDrV1gGPd9UPWTIHCs_","","","https://drive.google.com/file/d/1KKX7aNL3FZGzYLDrV1gGPd9UPWTIHCs_/view"
"driveUrl","1BM-P0jInc2h8oq47feIDBnbp4ZYoC0aA","","","https://drive.google.com/file/d/1BM-P0jInc2h8oq47feIDBnbp4ZYoC0aA/view"
"driveUrl","11UP0EloZztN0GOQMQKul2JcCQF3BQeYq","","","https://drive.google.com/file/d/11UP0EloZztN0GOQMQKul2JcCQF3BQeYq/view"
"driveUrl","1lHACKJDMGstLeYcnSCpNYrdlboqbOCs_","","","https://drive.google.com/file/d/1lHACKJDMGstLeYcnSCpNYrdlboqbOCs_/view"
"driveUrl","1qeUcJ-6dDTyGTnaHZ8-KYXpOGso-RxxA","","","https://drive.google.com/file/d/1qeUcJ-6dDTyGTnaHZ8-KYXpOGso-RxxA/view"
"driveUrl","1qy8_ZzWxCwqJ9XXK1GFiwpAF4fX9aFKN","","","https://drive.google.com/file/d/1qy8_ZzWxCwqJ9XXK1GFiwpAF4fX9aFKN/view"
"driveUrl","1HktzjB3Yq8M5foW1z7BBDHb-2V9DQQkp","","","https://drive.google.com/file/d/1HktzjB3Yq8M5foW1z7BBDHb-2V9DQQkp/view"
"driveUrl","14SA2KX2jAW_URJ4iXmYnrzDHzWVj0_2s","","","https://drive.google.com/file/d/14SA2KX2jAW_URJ4iXmYnrzDHzWVj0_2s/view"
"driveUrl","17YtIcQ-7HlLLDn-sfBaoLH_fkxYqp6WY","","","https://drive.google.com/file/d/17YtIcQ-7HlLLDn-sfBaoLH_fkxYqp6WY/view"
"driveUrl","1Blbps2h3tLVXBkszvEWqJs1n73B2qowr","","","https://drive.google.com/file/d/1Blbps2h3tLVXBkszvEWqJs1n73B2qowr/view"
"driveUrl","1fbEvAdwV_W5lzo8cmcXgX1dNsmz8GbBN","","","https://drive.google.com/file/d/1fbEvAdwV_W5lzo8cmcXgX1dNsmz8GbBN/view"
"driveUrl","1IcbOGYgzsIN3iigpqRjFkKgFmxx-c0Ys","","","https://drive.google.com/file/d/1IcbOGYgzsIN3iigpqRjFkKgFmxx-c0Ys/view"
"driveUrl","1f6a8qPEb6vicrDkqQrHpOlRbpgClVcLZ","","","https://drive.google.com/file/d/1f6a8qPEb6vicrDkqQrHpOlRbpgClVcLZ/view"
"driveUrl","1mPpdhpsQsccZ0EeMsfyRfF0_hDQhZCpu","","","https://drive.google.com/file/d/1mPpdhpsQsccZ0EeMsfyRfF0_hDQhZCpu/view"
"driveUrl","1_KINNAho6hG7cPd0JYAgQPZPMQkIEXog","","","https://drive.google.com/file/d/1_KINNAho6hG7cPd0JYAgQPZPMQkIEXog/view"
"driveUrl","11dd7O4wCSA7Au2qaDozAn50gntbQDV6t","","","https://drive.google.com/file/d/11dd7O4wCSA7Au2qaDozAn50gntbQDV6t/view"
"driveUrl","1RwERpFiFxcpwU9CyVhTS-BBH5ZzuO_BZ","","","https://drive.google.com/file/d/1RwERpFiFxcpwU9CyVhTS-BBH5ZzuO_BZ/view"
"driveUrl","1pYbtWD7CEk_pu7dvyO3Yo2P64gc0OKwj","","","https://drive.google.com/file/d/1pYbtWD7CEk_pu7dvyO3Yo2P64gc0OKwj/view"
"driveUrl","12Oi-yml7BbD6erfNWtif8aDpDOXtALU7","","","https://drive.google.com/file/d/12Oi-yml7BbD6erfNWtif8aDpDOXtALU7/view"
"driveUrl","15T-ljGLclomCFhLFxqbF-AelMKxd9TJZ","","","https://drive.google.com/file/d/15T-ljGLclomCFhLFxqbF-AelMKxd9TJZ/view"
"driveUrl","1KkzxrHfT4YgUjrKESg7Cr_hVrVo2zueY","","","https://drive.google.com/file/d/1KkzxrHfT4YgUjrKESg7Cr_hVrVo2zueY/view"
"driveUrl","1WTYEnpMx_FAuvMvS7Z85jlU5aulTN55X","","","https://drive.google.com/file/d/1WTYEnpMx_FAuvMvS7Z85jlU5aulTN55X/view"
"driveUrl","1Vsa6TlVfczaGYlkenS93l4cyTIUXSX9F","","","https://drive.google.com/file/d/1Vsa6TlVfczaGYlkenS93l4cyTIUXSX9F/view"
"driveUrl","1Ip34WWTWEsl3i8tpGnLfGTbL5mVX_sTm","","","https://drive.google.com/file/d/1Ip34WWTWEsl3i8tpGnLfGTbL5mVX_sTm/view"
"driveUrl","1nPjMFQF_9sypyd2phsjfNuDp4gbomAav","","","https://drive.google.com/file/d/1nPjMFQF_9sypyd2phsjfNuDp4gbomAav/view"
"driveUrl","1HQ4aeFWCNfnsAZHQHqeNBbIwfqX0oHjU","","","https://drive.google.com/file/d/1HQ4aeFWCNfnsAZHQHqeNBbIwfqX0oHjU/view"
"driveUrl","1wz4JDeG3jEZdPV5XeRBsMc4kW2AAwhOh","","","https://drive.google.com/file/d/1wz4JDeG3jEZdPV5XeRBsMc4kW2AAwhOh/view"
"driveUrl","1uY_Acu07ZneQzN4Wl0gilkdvIQfg-2DK","","","https://drive.google.com/file/d/1uY_Acu07ZneQzN4Wl0gilkdvIQfg-2DK/view"
"driveUrl","1LkwwS-gycgv14w0PDpeRSVoOvRdL02OW","","","https://drive.google.com/file/d/1LkwwS-gycgv14w0PDpeRSVoOvRdL02OW/view"
"driveUrl","1GsslAuVelDGyy_boGt4QR0EVfnUo_cWQ","","","https://drive.google.com/file/d/1GsslAuVelDGyy_boGt4QR0EVfnUo_cWQ/view"
"driveUrl","1brcY-jqF5TZqpuyl7MY11A9CgRRvMwAq","","","https://drive.google.com/file/d/1brcY-jqF5TZqpuyl7MY11A9CgRRvMwAq/view"
"driveUrl","1XBs0DapMCgrH9jPTQy31dmsabFx9b97e","","","https://drive.google.com/file/d/1XBs0DapMCgrH9jPTQy31dmsabFx9b97e/view"
"driveUrl","1Ki5kEWs0ZzqAQPLmxD93qf1SF-6jSU1-","","","https://drive.google.com/file/d/1Ki5kEWs0ZzqAQPLmxD93qf1SF-6jSU1-/view"
"driveUrl","1PHiRY1MxgQGa1HAZkH2rOX6np2NiLIB4","","","https://drive.google.com/file/d/1PHiRY1MxgQGa1HAZkH2rOX6np2NiLIB4/view"
"driveUrl","1MHsKFgtxcgMMSPBCI-LAJi9SeNbYK_ke","","","https://drive.google.com/file/d/1MHsKFgtxcgMMSPBCI-LAJi9SeNbYK_ke/view"
"driveUrl","1WmcI5xxI_LEncj5g3YofkzLIaioC7Vu_","","","https://drive.google.com/file/d/1WmcI5xxI_LEncj5g3YofkzLIaioC7Vu_/view"
"driveUrl","1IL8L1EgIK9XIeztL_0Rr8Bvim4ABKZ3r","","","https://drive.google.com/file/d/1IL8L1EgIK9XIeztL_0Rr8Bvim4ABKZ3r/view"
"driveUrl","1KAdqEKkNImN8o_sJWhWNgAdxQoIaonf0","","","https://drive.google.com/file/d/1KAdqEKkNImN8o_sJWhWNgAdxQoIaonf0/view"